t_landmark,n_v,n_u,rmst_v,rmst_u,delta_rmst
361,25.0,134088.0,715.1800000000001,717.0377811586422,-1.857781158642183
362,57.0,134049.0,724.1842105263156,716.0714514841584,8.112759042157222
363,93.0,134003.0,724.6989247311828,715.1216950366791,9.577229694503785
364,124.0,133962.0,718.0161290322583,714.1781661963842,3.837962835874123
365,136.0,133938.0,718.0735294117646,713.240771849662,4.832757562102643
366,139.0,133925.0,717.3093525179856,712.2937091655776,5.015643352408006
367,144.0,133911.0,716.6805555555554,711.3410100738549,5.3395454817004975
368,155.0,133896.0,716.4129032258064,710.3609965943713,6.051906631435145
369,192.0,133853.0,717.2604166666666,709.3885456433558,7.8718710233108595
370,242.0,133795.0,716.8161157024792,708.4270376321987,8.389078070280561
371,294.0,133737.0,716.0034013605441,707.4551806904593,8.548220670084788
372,359.0,133663.0,713.4345403899722,706.5029140450235,6.931626344948654
373,446.0,133565.0,712.3038116591929,705.5570471306103,6.7467645285826165
374,470.0,133534.0,710.7382978723404,704.5948522473677,6.143445624972628
375,489.0,133504.0,710.0981595092026,703.6507894894543,6.447370019748291
376,592.0,133381.0,708.6326013513515,702.7534131547961,5.879188196555333
377,725.0,133241.0,707.7448275862068,701.7839141105221,5.96091347568472
378,868.0,133082.0,704.1059907834102,700.8791609684256,3.226829814984626
379,1041.0,132891.0,701.3837656099904,699.9834375540854,1.4003280559049927
380,1215.0,132703.0,700.4419753086419,699.0549460072496,1.3870293013923174
381,1252.0,132658.0,699.097444089457,698.100042967631,0.9974011218259875
382,1263.0,132627.0,698.2185273159141,697.2041175627886,1.0144097531255056
383,1386.0,132494.0,695.909090909091,696.2695178649599,-0.3604269558688884
384,1495.0,132379.0,694.3391304347824,695.3078471660917,-0.9687167313093141
385,1600.0,132264.0,691.194375,694.3871650638114,-3.1927900638113442
386,1731.0,132124.0,688.105141536684,693.4650328479306,-5.359891311246656
387,1814.0,132033.0,686.6957001102533,692.5160831004371,-5.820382990183816
388,1829.0,132008.0,685.8622197922359,691.5669429125503,-5.704723120314384
389,1839.0,131986.0,684.5364328439371,690.6348211173919,-6.098388273454816
390,1889.0,131928.0,684.1736368448916,689.6699032805776,-5.496266435686039
391,1972.0,131841.0,681.9662778904667,688.7123694450133,-6.746091554546638
392,2020.0,131787.0,681.0509900990098,687.7449293177622,-6.693939218752348
393,2061.0,131734.0,680.4677341096558,686.8031829292356,-6.335448819579824
394,2099.0,131685.0,679.8394473558842,685.8564908683595,-6.017043512475311
395,2104.0,131671.0,678.887357414449,684.9028791457501,-6.015521731301192
396,2107.0,131656.0,677.9159943046985,683.9650414717145,-6.049047167015942
397,2125.0,131623.0,676.4992941176471,683.0505762670657,-6.5512821494186255
398,2146.0,131593.0,675.4345293569434,682.0994391798952,-6.664909822951813
399,2182.0,131545.0,674.8684692942255,681.156330533277,-6.2878612390514945
400,2209.0,131507.0,674.2480760525123,680.2082436676378,-5.960167615125556
401,2239.0,131471.0,672.944618133095,679.245845091313,-6.301226958217967
402,2242.0,131460.0,671.9714540588757,678.2868895481513,-6.315435489275615
403,2242.0,131454.0,670.9714540588757,677.3179172942622,-6.346463235386523
404,2249.0,131429.0,669.8312583370387,676.4134513691798,-6.582193032141163
405,2274.0,131395.0,668.688874230431,675.4635450359596,-6.774670805528558
406,2306.0,131351.0,667.4802688638335,674.5305974069477,-7.050328543114119
407,2351.0,131298.0,665.7288387920036,673.58759844019,-7.858759648186492
408,2400.0,131241.0,665.0504166666667,672.6257419556389,-7.575325288972181
409,2409.0,131224.0,664.4136571191366,671.6606451563739,-7.246988037237315
410,2414.0,131207.0,663.7400579950289,670.7164099476397,-6.976351952610798
411,2450.0,131154.0,662.4963265306121,669.8098685514736,-7.313542020861519
412,2503.0,131087.0,660.5721134638429,668.9020345266894,-8.329921062846438
413,2557.0,131026.0,659.0797809933518,667.9508608978365,-8.871079904484645
414,2636.0,130934.0,658.2463960546283,667.0192081506721,-8.772812096043708
415,2708.0,130854.0,657.7378138847857,666.0546716187507,-8.31685773396498
416,2723.0,130832.0,656.8802791039291,665.088353766663,-8.208074662733907
417,2729.0,130811.0,656.1751557347013,664.1588666090777,-7.9837108743763565
418,2799.0,130735.0,655.1611289746342,663.1939610662795,-8.032832091645332
419,2866.0,130658.0,654.6482903000701,662.2381905432501,-7.5899002431799545
420,2981.0,130533.0,654.1756122106675,661.2835796312047,-7.107967420537193
421,3122.0,130389.0,652.823510570147,660.3149690541386,-7.491458483991551
422,3266.0,130230.0,651.6922841396204,659.4026376410968,-7.7103535014764475
423,3277.0,130209.0,650.7604516325911,658.4522536844611,-7.691802051870013
424,3289.0,130187.0,649.8342961386438,657.5017321237908,-7.667435985146994
425,3482.0,129979.0,649.2350660539923,656.578289569853,-7.3432235158607
426,3753.0,129700.0,648.9714894750866,655.6128720123353,-6.64138253724866
427,4029.0,129411.0,648.8926532638368,654.6642634706484,-5.7716102068116015
428,4333.0,129095.0,648.4337641357026,653.7206127270612,-5.286848591358535
429,4555.0,128856.0,647.6340285400656,652.8089378841497,-5.174909344084085
430,4668.0,128730.0,646.9456940874034,651.8681503922935,-4.922456304890147
431,4799.0,128587.0,646.2607834965618,650.9223094091939,-4.661525912632101
432,4983.0,128385.0,645.7499498294202,650.0013319313011,-4.2513821018809494
433,5204.0,128147.0,645.2510568793234,649.0745745120837,-3.823517632760286
434,5463.0,127880.0,644.5296540362436,648.1110494213324,-3.58139538508874
435,5715.0,127621.0,643.7256342957129,647.1449565510385,-3.4193222553255964
436,6003.0,127317.0,643.124687656172,646.2152501237076,-3.0905624675356194
437,6068.0,127240.0,642.2148978246539,645.2735342659544,-3.0586364413004503
438,6121.0,127171.0,641.3429995098838,644.3498871598088,-3.00688764992492
439,6326.0,126951.0,640.2910211824224,643.4335097793629,-3.1424885969405523
440,6598.0,126668.0,639.6367838739018,642.4781752297341,-2.841391355832343
441,6867.0,126386.0,638.9891510120866,641.5311901634666,-2.5420391513799814
442,7138.0,126108.0,638.1197114037545,640.5649284740065,-2.4452170702519425
443,7471.0,125761.0,637.5103734439833,639.6195481906154,-2.1091747466321067
444,7551.0,125670.0,636.6821613031382,638.6665910718548,-1.984429768716609
445,7589.0,125623.0,635.717419949928,637.7108730089242,-1.9934530589962378
446,7827.0,125371.0,634.7205187172608,636.7857000422746,-2.065181325013782
447,8096.0,125096.0,633.715723814229,635.8210534309646,-2.1053296167356166
448,8406.0,124771.0,633.0067213894835,634.8831659600392,-1.876444570555691
449,8698.0,124467.0,632.2003334099791,633.9353081539689,-1.7349747439898238
450,9038.0,124112.0,631.3208121265768,633.0079484659017,-1.6871363393248657
451,9119.0,124020.0,630.3270095405201,632.0647798742139,-1.7377703336937884
452,9205.0,123924.0,629.1948397609992,631.126908427746,-1.9320686667467726
453,9580.0,123524.0,628.3211377870564,630.2508014636833,-1.9296636766268875
454,9965.0,123117.0,627.446914199699,629.3593736039707,-1.912459404271658
455,10345.0,122713.0,626.7140164330598,628.4659286302187,-1.7519121971589584
456,10793.0,122250.0,625.8382748077461,627.5385316973412,-1.7002568895951526
457,10925.0,122108.0,624.7308009153317,626.6014020375408,-1.8706011222091092
458,10983.0,122044.0,623.7782026768643,625.6289002327026,-1.8506975558382237
459,11018.0,121992.0,622.8747504084226,624.7079480621676,-1.8331976537449464
460,11062.0,121935.0,621.8982552883747,623.7731250256286,-1.8748697372539027
461,11353.0,121633.0,620.9786840482691,622.8265643369804,-1.8478802887112806
462,11816.0,121158.0,619.7881685849695,621.913926443156,-2.125757858186489
463,12576.0,120390.0,618.8690760178121,620.9602832461168,-2.091207228304711
464,13384.0,119567.0,618.3116034070528,620.0028185034332,-1.6912150963804606
465,13758.0,119184.0,617.400203517953,619.0447627198284,-1.644559201875495
466,13963.0,118968.0,616.3658955811791,618.108920045726,-1.7430244645469202
467,14917.0,118000.0,615.5383119930286,617.1745762711861,-1.636264278157455
468,15922.0,116989.0,614.6386760457228,616.2066519074442,-1.5679758617213793
469,17172.0,115733.0,613.7715175867694,615.2358575341516,-1.4643399473822
470,19244.0,113653.0,613.3258158387032,614.212048956033,-0.8862331173297662
471,21003.0,111884.0,612.7080655144506,613.2091630617418,-0.5010975472912378
472,21938.0,110940.0,611.8701340140394,612.2311023976929,-0.3609683836534714
473,22533.0,110341.0,611.0424710424709,611.2200859154816,-0.1776148730107252
474,25537.0,107329.0,610.6242315072249,610.132214965201,0.4920165420238618
475,28899.0,103963.0,610.2141077545934,608.9758567952058,1.238250959387642
476,33196.0,99656.0,609.6359802385828,607.843065144096,1.792915094486716
477,38658.0,94190.0,609.1050623415588,606.5724174540824,2.5326448874764083
478,43005.0,89837.0,608.5818974537849,605.2621581308372,3.3197393229477257
479,44678.0,88157.0,607.6968306549086,604.1889923658931,3.507838289015467
480,45877.0,86954.0,606.7865161191879,603.1211330128579,3.6653831063300686
481,50707.0,82118.0,606.1297256788996,601.7377249811245,4.3920006977750745
482,54765.0,78053.0,605.2628321007944,600.4699947471588,4.792837353635605
483,59329.0,73483.0,604.5207992718563,599.0131118762162,5.507687395640119
484,63055.0,69750.0,603.6294980572515,597.6808243727594,5.948673684492064
485,65867.0,66927.0,602.6904747445607,596.4691454868735,6.221329257687216
486,66506.0,66283.0,601.6894189997895,595.4553052818972,6.234113717892342
487,67393.0,65385.0,600.7312703099724,594.4278504244094,6.303419885563017
488,69856.0,62912.0,599.8338725377918,593.1616782171925,6.67219432059926
489,72159.0,60603.0,598.8833686719599,591.9079583518967,6.975410320063247
490,74379.0,58378.0,597.917402761532,590.6500736578847,7.267329103647285
491,76507.0,56245.0,596.9203144810274,589.423726553472,7.496587927555424
492,78116.0,54629.0,595.9721631931995,588.2043511687925,7.7678120244070215
493,78681.0,54060.0,594.9674508458204,587.1736034036254,7.793847442194988
494,79188.0,53547.0,593.9856101934636,586.1388126318934,7.846797561570156
495,80758.0,51970.0,593.0063523118456,584.9485279969214,8.057824314924233
496,82580.0,50143.0,592.0210946960527,583.6898869233992,8.331207772653556
497,84337.0,48376.0,591.0318484176576,582.489240532495,8.54260788516251
498,85919.0,46791.0,590.0160092645397,581.2668996174478,8.749109647091814
499,86922.0,45783.0,589.0529325142079,580.0686936199031,8.98423889430478
500,87415.0,45282.0,588.0730995824517,579.0344839008883,9.038615681563442
501,87782.0,44910.0,587.0698036043838,578.0315742596299,9.038229344753859
502,88731.0,43957.0,586.0641207695168,576.9005732875308,9.163547481985916
503,89681.0,43002.0,585.0334742030088,575.8291939909774,9.204280212031449
504,90606.0,42071.0,584.0323985166547,574.7113332224093,9.321065294245386
505,91446.0,41225.0,583.0440806596248,573.5792116434209,9.46486901620392
506,92002.0,40663.0,582.0319884350345,572.5618867274923,9.470101707542199
507,92268.0,40389.0,581.0267752633638,571.6249350070568,9.401840256306969
508,92447.0,40202.0,580.0471783832896,570.649992537685,9.397185845604668
509,92920.0,39722.0,579.0440163581573,569.646077740294,9.397938617863247
510,93470.0,39170.0,578.0320102706752,568.5718917538934,9.46011851678179
511,94137.0,38500.0,577.0073138085977,567.5127662337668,9.494547574830904
512,94744.0,37887.0,576.0256797264201,566.4046506717339,9.621029054686232
513,95193.0,37434.0,575.0186253190882,565.3677939840788,9.650831335009343
514,95361.0,37260.0,574.060617023731,564.3078770799787,9.752739943752317
515,95474.0,37145.0,573.0623258688233,563.3043074438008,9.758018425022556
516,95859.0,36752.0,572.0744009430516,562.293235742273,9.78116520077856
517,96319.0,36290.0,571.0596922725534,561.2393910168095,9.82030125574397
518,96786.0,35815.0,570.067137809187,560.2166271115452,9.850510697641766
519,97281.0,35317.0,569.0682455978038,559.123240932129,9.945004665674787
520,97626.0,34962.0,568.0959631655506,558.1076740461069,9.98828911944372
521,97777.0,34808.0,567.1027951358705,557.093412433923,10.009382701947402
522,97881.0,34693.0,566.1305667085544,556.1617761508086,9.96879055774582
523,98246.0,34322.0,565.1456191600676,555.1100168987823,10.035602261285248
524,98638.0,33922.0,564.1456284596195,554.1250515889394,10.020576870680088
525,99008.0,33544.0,563.1365243212672,553.1736077987123,9.962916522554906
526,99315.0,33233.0,562.120732014298,552.1954081786175,9.925323835680501
527,99550.0,32994.0,561.128884982421,551.1671667575924,9.961718224828587
528,99687.0,32850.0,560.1424558869257,550.2020091324198,9.940446754505956
529,99743.0,32786.0,559.1651845242271,549.2502592569997,9.914925267227432
530,99967.0,32554.0,558.1763131833507,548.2828838238004,9.893429359550282
531,100214.0,32304.0,557.1817360847795,547.2414561664191,9.940279918360375
532,100446.0,32064.0,556.1804601477407,546.3102077095812,9.870252438159582
533,100663.0,31838.0,555.1887933004177,545.3710974307432,9.81769586967448
534,100861.0,31635.0,554.2057336334155,544.3419314050892,9.863802228326335
535,100919.0,31571.0,553.224407693298,543.3676633619457,9.856744331352274
536,100947.0,31537.0,552.2481797378824,542.3863398547743,9.861839883108132
537,101096.0,31379.0,551.262943143151,541.4476082730484,9.81533487010256
538,101256.0,31213.0,550.2697716678514,540.4792874763724,9.790484191478981
539,101456.0,31009.0,549.2695897729068,539.4865522912701,9.783037481636711
540,101611.0,30848.0,548.2757772288433,538.5220111514527,9.753766077390537
541,101749.0,30706.0,547.2692409753413,537.5700351722784,9.69920580306291
542,101793.0,30659.0,546.2747241951804,536.5906096089243,9.6841145862561
543,101826.0,30620.0,545.2982735254257,535.6070868713258,9.691186654099852
544,101966.0,30475.0,544.2940146715576,534.6647744052498,9.629240266307875
545,102157.0,30279.0,543.2996710944922,533.6733544700948,9.626316624397418
546,102298.0,30131.0,542.3052356839823,532.7334804686212,9.571755215361122
547,102462.0,29962.0,541.3118619585795,531.7473800146856,9.564481943893838
548,102615.0,29806.0,540.3222774448179,530.7160303294638,9.606247115354108
549,102630.0,29786.0,539.330283542824,529.7728463036327,9.557437239191245
550,102655.0,29752.0,538.3519020018508,528.8505142511427,9.50138775070809
551,102691.0,29714.0,537.3497628808752,527.8820757891906,9.467687091684638
552,102709.0,29691.0,536.3666231781049,526.9069583375439,9.459664840561004
553,102867.0,29530.0,535.3600328579623,525.9329326109041,9.427100247058206
554,103079.0,29312.0,534.3783651374191,524.9080410753274,9.470324062091663
555,103216.0,29169.0,533.3925215082929,523.9215434193841,9.47097808890885
556,103261.0,29118.0,532.4070994857685,522.9632529706711,9.443846515097448
557,103291.0,29083.0,531.4176888596296,522.0058625313759,9.41182632825371
558,103448.0,28923.0,530.4174319464853,521.0098537496108,9.40757819687451
559,103613.0,28757.0,529.4085732485308,520.0059985394855,9.402574709045325
560,103773.0,28592.0,528.4138263324758,519.0253217683271,9.388504564148661
561,103974.0,28387.0,527.4082559101314,518.0525064289993,9.35574948113208
562,104094.0,28260.0,526.4211722097334,517.0936482661004,9.327523943632968
563,104138.0,28209.0,525.4388647755859,516.1421886631929,9.296676112393016
564,104184.0,28158.0,524.451552061737,515.1719582356702,9.27959382606673
565,104323.0,28005.0,523.4916892727389,514.2340296375651,9.257659635173809
566,104473.0,27849.0,522.5034410804703,513.2510143990804,9.25242668138992
567,104626.0,27688.0,521.5218970428,512.2785322161221,9.243364826677862
568,104777.0,27532.0,520.5312139114501,511.28550414063625,9.245709770813846
569,104917.0,27387.0,519.5482619594535,510.2663855113738,9.281876448079686
570,104950.0,27348.0,518.5549976179134,509.34145092876975,9.21354668914364
571,104968.0,27321.0,517.572021949546,508.43788660737164,9.134135342174318
572,105115.0,27167.0,516.5933644104076,507.43698236831426,9.156382042093355
573,105253.0,27024.0,515.6052226539867,506.4380920663117,9.167130587675047
574,105396.0,26872.0,514.6279744961863,505.4698384935991,9.158136002587185
575,105499.0,26761.0,513.6416648499035,504.53183737528514,9.109827474618328
576,105610.0,26644.0,512.6609648707508,503.53102011709944,9.129944753651387
577,105645.0,26608.0,511.6676463628187,502.51148150932056,9.156164853498126
578,105670.0,26579.0,510.67870256458866,501.53463260468754,9.144069959901117
579,105756.0,26488.0,509.68919021142983,500.5579318936877,9.131258317742152
580,105875.0,26359.0,508.71595277449876,499.5991691642323,9.116783610266452
581,105981.0,26250.0,507.71693511101114,498.6156,9.101335111011167
582,106053.0,26172.0,506.72691484446494,497.66450787100734,9.062406973457598
583,106149.0,26072.0,505.7476754373563,496.6231205891374,9.124554848218906
584,106165.0,26048.0,504.77047049404166,495.67719210687903,9.093278387162627
585,106178.0,26032.0,503.7759234493024,494.7075906576518,9.068332791650619
586,106238.0,25969.0,502.7884702272261,493.692537255959,9.095932971267132
587,106316.0,25887.0,501.8054149892765,492.6719009541468,9.133514035129735
588,106381.0,25818.0,500.821984188906,491.6571771632193,9.164807025686741
589,106456.0,25732.0,499.85218775832266,490.7158790610913,9.136308697231357
590,106506.0,25672.0,498.8709133757724,489.8116625116858,9.05925086408655
591,106509.0,25663.0,497.89473190059033,488.82634532205907,9.06838657853126
592,106514.0,25654.0,496.90916217586465,487.840999454276,9.068162721588635
593,106568.0,25594.0,495.93125516102407,486.8443971243262,9.08685803669789
594,106633.0,25521.0,494.95318053510687,485.8825085223932,9.070672012713658
595,106702.0,25439.0,493.9920901201475,484.94304021384477,9.049049906302741
596,106772.0,25367.0,492.99854362566964,483.9292190641388,9.069324561530834
597,106847.0,25288.0,492.0067011708328,482.9445389117368,9.062162259095999
598,106856.0,25272.0,491.02108445010094,482.0143043684708,9.006780081630154
599,106863.0,25263.0,490.0307309358714,481.0094011004231,9.021329835448341
600,106924.0,25190.0,489.0597340166846,480.0937078205637,8.966026196120936
601,107010.0,25098.0,488.0801981123262,479.09058490716365,8.989613205162527
602,107067.0,25037.0,487.09148010124477,478.0984742580979,8.993005843146875
603,107113.0,24988.0,486.1001605780814,477.1023091083718,8.997851469709587
604,107160.0,24931.0,485.1318122433742,476.1407484657651,8.9910637776091
605,107169.0,24918.0,484.1413934999856,475.1728870695881,8.968506430397497
606,107170.0,24909.0,483.1688205654569,474.2071741137743,8.961646451682611
607,107210.0,24867.0,482.1751842178904,473.2035830618896,8.971601156000759
608,107259.0,24812.0,481.18395659105573,472.26253425761735,8.921422333438386
609,107297.0,24766.0,480.205988983849,471.3060041993055,8.899984784543506
610,107354.0,24706.0,479.20762151386987,470.33578887719534,8.871832636674526
611,107404.0,24647.0,478.2286181147815,469.3981417616754,8.830476353106121
612,107412.0,24634.0,477.23348880944457,468.4694324916777,8.764056317766858
613,107417.0,24623.0,476.25167803978854,467.50255858343877,8.749119456349774
614,107463.0,24572.0,475.26869248020205,466.50699983721336,8.761692642988692
615,107498.0,24532.0,474.2791726357697,465.5437591716942,8.73541346407552
616,107542.0,24483.0,473.2832753714825,464.6052158640687,8.678059507413764
617,107600.0,24420.0,472.28964684014886,463.65184275184293,8.637804088305927
618,107647.0,24364.0,471.31830427229727,462.6799376128713,8.63836665942597
619,107661.0,24345.0,470.3321862141348,461.7087081536245,8.623478060510308
620,107661.0,24340.0,469.3410241405892,460.76462612982687,8.576398010762318
621,107698.0,24295.0,468.3543380564172,459.8443506894422,8.509987366974997
622,107739.0,24250.0,467.3634384948808,458.8655051546393,8.497933340241502
623,107784.0,24199.0,466.37853484747296,457.89638001570336,8.482154831769606
624,107839.0,24137.0,465.39330854329125,456.9440278410741,8.449280702217152
625,107880.0,24087.0,464.40928809788636,456.02891601278696,8.380372085099395
626,107883.0,24079.0,463.42247156641974,455.06360313966536,8.358868426754384
627,107882.0,24075.0,462.43544798946994,454.1004153686398,8.335032620830134
628,107925.0,24027.0,461.4344915450549,453.18443834020024,8.25005320485468
629,107962.0,23983.0,460.4400900316778,452.2789267397742,8.16116329190362
630,107984.0,23954.0,459.45447010668306,451.33892043082574,8.115549675857324
631,108031.0,23900.0,458.47464616637865,450.364079497908,8.110566668470653
632,108068.0,23857.0,457.48456527371644,449.42002347319453,8.064541800521908
633,108072.0,23844.0,456.50739784588063,448.48494380137555,8.022454044505082
634,108071.0,23839.0,455.5236464916586,447.52460254205306,7.99904394960555
635,108090.0,23815.0,454.5302155611067,446.5824690321225,7.947746528984169
636,108089.0,23811.0,453.5429229616335,445.61897862332535,7.923944338308161
637,108120.0,23776.0,452.5488207547168,444.65692294750977,7.8918978072070445
638,108161.0,23729.0,451.5711485655639,443.6540941464028,7.9170544191610475
639,108184.0,23699.0,450.5855209642831,442.71203426304913,7.873486701233958
640,108179.0,23695.0,449.61476811580803,441.74851234437625,7.866255771431781
641,108180.0,23685.0,448.6232066925496,440.87755963690086,7.74564705564876
642,108214.0,23648.0,447.6274696434842,439.90297276725346,7.724496876230717
643,108234.0,23622.0,446.64975423619154,438.9061468122938,7.743607423897743
644,108260.0,23592.0,445.66076113061155,437.92166836215637,7.73909276845518
645,108280.0,23565.0,444.6823605467307,436.94604286017403,7.736317686556674
646,108316.0,23524.0,443.69739004394603,435.95797908518966,7.739410958756366
647,108314.0,23521.0,442.71387355281877,434.97553250286956,7.738341049949213
648,108311.0,23518.0,441.7302905522061,434.012139637724,7.718150914482123
649,108326.0,23491.0,440.7556126876282,433.11229832701883,7.643314360609338
650,108337.0,23473.0,439.7806981917533,432.12218293358353,7.658515258169757
651,108358.0,23448.0,438.7897340297902,431.1475179119754,7.642216117814826
652,108374.0,23421.0,437.8096960525587,430.2525938260532,7.557102226505492
653,108406.0,23381.0,436.82145822186976,429.335143920277,7.486314301592756
654,108407.0,23370.0,435.8459186214911,428.4051989730425,7.440719648448578
655,108406.0,23365.0,434.8580751987898,427.459319494971,7.398755703818779
656,108429.0,23333.0,433.8718516264096,426.55305790082735,7.318793725582225
657,108451.0,23303.0,432.87738702271076,425.6670385787236,7.210348443987186
658,108483.0,23261.0,431.9004682761356,424.7327286015218,7.167739674613813
659,108532.0,23200.0,430.93194633840733,423.79012931034504,7.141817028062292
660,108591.0,23136.0,429.9454696982251,422.8001383125865,7.145331385638599
661,108593.0,23129.0,428.9655272439287,421.7967486705001,7.168778573428597
662,108599.0,23123.0,427.9657869777802,420.79390650002176,7.171880477758464
663,108668.0,23043.0,426.9980767107148,419.8213340276873,7.1767426830274985
664,108740.0,22957.0,426.0231055729264,418.9366206385853,7.086484934341115
665,108829.0,22853.0,425.0450063861658,418.0798363453374,6.965170040828411
666,108836.0,22840.0,424.0570950788342,417.1300569176886,6.927038161145617
667,108902.0,22768.0,423.06625681805656,416.17621222768787,6.890044590368689
668,108916.0,22748.0,422.07461254544796,415.2418234570071,6.8327890884408475
669,108925.0,22735.0,421.0827909111774,414.2732351000664,6.809555811111011
670,109035.0,22614.0,420.1108176273673,413.3066463252849,6.804171302082409
671,109126.0,22516.0,419.12751314993704,412.3269008704917,6.800612279445318
672,109239.0,22395.0,418.14921410851446,411.33427104264365,6.814943065870807
673,109355.0,22268.0,417.1768689131728,410.36619813184825,6.810670781324575
674,109484.0,22137.0,416.178277191188,409.35673307132834,6.821544119859652
675,109500.0,22116.0,415.1856894977173,408.40787212877535,6.777817368941953
676,109509.0,22097.0,414.2127907295288,407.45571797076514,6.757072758763684
677,109612.0,21990.0,413.2164772105245,406.4800136425647,6.736463567959788
678,109696.0,21897.0,412.22545033547306,405.5764944969628,6.648955838510233
679,109801.0,21783.0,411.23554885656785,404.66127255199024,6.574276304577609
680,109890.0,21687.0,410.2489307489303,403.6974224189606,6.551508329969693
681,109982.0,21581.0,409.2897428670146,402.72364579954586,6.566097067468718
682,110000.0,21552.0,408.3165590909094,401.78707312546396,6.529485965445417
683,109998.0,21544.0,407.3427335042453,400.840698106201,6.502035398044313
684,110084.0,21451.0,406.3603838886668,399.85508834086966,6.505295547797118
685,110210.0,21315.0,405.3693040558931,398.9583626554071,6.410941400486024
686,110226.0,21288.0,404.38469598824247,398.0802095077039,6.304486480538571
687,110355.0,21150.0,403.39922522767415,397.1355555555557,6.2636696721184535
688,110464.0,21032.0,402.4163709443802,396.18312571319893,6.233245231181286
689,110479.0,21011.0,401.43223599055017,395.2087953928892,6.223440597660954
690,110491.0,20982.0,400.47139133504083,394.31948813268525,6.151903202355584
691,110593.0,20870.0,399.49376542819164,393.35999041686614,6.133775011325497
692,110729.0,20726.0,398.5057166595924,392.40791759143076,6.097799068161635
693,110837.0,20610.0,397.5228894683184,391.4362202814167,6.086669186901702
694,110953.0,20482.0,396.55052139194083,390.48156918269717,6.068952209243662
695,111046.0,20382.0,395.5566116744412,389.5551221666175,6.001489507823749
696,111062.0,20353.0,394.58947254686615,388.62022797621944,5.969244570646708
697,111060.0,20342.0,393.61199351701754,387.7464113656473,5.8655821513702335
698,111179.0,20215.0,392.6237868662248,386.800816225575,5.822970640649828
699,111254.0,20126.0,391.6424038686247,385.94549339163245,5.69691047699223
700,111371.0,20000.0,390.66359734580806,384.96799999999985,5.69559734580821
701,111451.0,19913.0,389.6798862280282,383.9895545623465,5.690331665681697
702,111514.0,19839.0,388.69885843929865,383.07790211200154,5.620956327297108
703,111531.0,19816.0,387.7087670692447,382.1335536939847,5.5752133752599775
704,111531.0,19806.0,386.7263227264168,381.2279612238717,5.4983615025450945
705,111582.0,19742.0,385.74071982936306,380.3836997264715,5.357020102891568
706,111645.0,19668.0,384.7632271933363,379.4519524100061,5.311274783330248
707,111709.0,19587.0,383.79891056226455,378.5606014193087,5.23830914295587
708,111762.0,19527.0,382.8212272507651,377.5546935013058,5.266533749459313
709,111802.0,19474.0,381.83964508685006,376.690484748896,5.149160337954072
710,111801.0,19463.0,380.86374003810334,375.78484817345736,5.078891864645982
711,111802.0,19452.0,379.8775334967173,374.8987250668311,4.9788084298862145
712,111856.0,19389.0,378.89351487626925,373.96696580535354,4.926549070915712
713,111892.0,19342.0,377.91844367783233,373.02644504187776,4.891998635954565
714,111933.0,19294.0,376.9392538393503,372.03096817663527,4.908285662715002
715,111980.0,19235.0,375.94396320771557,371.2239927216014,4.719970486114164
716,112018.0,19184.0,374.974227356318,370.28966847372817,4.68455888258984
717,112022.0,19173.0,373.9844539465461,369.36441871381646,4.620035232729663
718,112022.0,19162.0,373.00465533555905,368.4584855443062,4.546169791252851
719,112049.0,19130.0,372.0102008942519,367.51612650287495,4.494074391376955
720,112072.0,19098.0,371.0318188307516,366.55715258142254,4.474666249329061
721,112095.0,19071.0,370.04247290244894,365.56627864296587,4.476194259483066
722,112091.0,19065.0,369.0690064322737,364.6031733543142,4.4658330779594735
723,112087.0,19061.0,368.08219508060694,363.67971250196706,4.4024825786398765
724,112083.0,19060.0,367.09535790441004,362.6988195173138,4.396538387096257
725,112077.0,19059.0,366.1150459059398,361.7179023033737,4.397143602566075
726,112081.0,19045.0,365.14150480456067,360.7513258072987,4.390178997261955
727,112090.0,19031.0,364.15489338924067,359.7653827964897,4.38951059275098
728,112094.0,19019.0,363.17465252377474,358.79943740470037,4.375215119074369
729,112100.0,19009.0,362.1846253345226,357.8150349834289,4.369590351093677
730,112094.0,19004.0,361.2040385747677,356.9092559461167,4.294782628651035
731,112088.0,19001.0,360.22338698165714,355.96573864533457,4.257648336322575
732,112087.0,18994.0,359.2331046419298,355.0587553964409,4.174349245488884
733,112101.0,18972.0,358.25009589566554,354.1052867383514,4.144809157314114
734,112117.0,18945.0,357.2730451225061,353.1718395354973,4.101205587008792
735,112142.0,18910.0,356.28477733587783,352.2838180856687,4.000959250209121
736,112168.0,18876.0,355.2982490549889,351.34784912057654,3.95039993441236
737,112181.0,18852.0,354.3267710218304,350.3805431784425,3.9462278433878737
738,112180.0,18848.0,353.33949010518813,349.39807937181666,3.9414107333714696
739,112179.0,18846.0,352.34900917283966,348.3974848774277,3.951524295411957
740,112188.0,18828.0,351.3629354298147,347.4792861695346,3.8836492602800945
741,112207.0,18804.0,350.3724945858991,346.5109551159326,3.8615394699665444
742,112225.0,18777.0,349.39071508130974,345.56460030888843,3.826114772421306
743,112234.0,18762.0,348.4076750360853,344.5720072486938,3.8356677873915146
744,112247.0,18742.0,347.41739645603013,343.6401397929783,3.777256663051844
745,112240.0,18737.0,346.44531806842474,342.6945081923471,3.7508098760776534
746,112237.0,18735.0,345.45770556946434,341.7125166800107,3.7451888894536296
747,112247.0,18719.0,344.46842677309866,340.7558630268709,3.7125637462277723
748,112260.0,18702.0,343.47800641368235,339.76879478130684,3.7092116323755135
749,112275.0,18682.0,342.484827432643,338.8158655390215,3.6689618936214856
750,112293.0,18660.0,341.4903912087128,337.85171489817793,3.6386763105348905
751,112304.0,18640.0,340.5059837583701,336.9190450643775,3.5869386939926358
752,112297.0,18636.0,339.5272358121765,335.99146812620717,3.535767685969347
753,112292.0,18631.0,338.54540839952983,335.0633084643873,3.4820999351425144
754,112297.0,18623.0,337.5516131330312,334.07914943886567,3.4724636941655262
755,112298.0,18614.0,336.5667910381303,333.13116471473097,3.435626323399333
756,112304.0,18601.0,335.57901766633415,332.18179130154283,3.3972263647913223
757,112308.0,18590.0,334.5941740570573,331.21481979558905,3.3793542614682224
758,112308.0,18581.0,333.60919079673744,330.284699424143,3.324491372594423
759,112306.0,18575.0,332.61814150624195,329.3734051144011,3.2447363918408314
760,112302.0,18571.0,331.63002439849697,328.4444294868344,3.1855949116625766
761,112298.0,18564.0,330.6537382678231,327.49639086403795,3.1573474037851383
762,112303.0,18555.0,329.65681682590866,326.54764214497413,3.1091746809345295
763,112304.0,18549.0,328.66278137911377,325.59968192355393,3.0630994555598363
764,112301.0,18541.0,327.6833866127638,324.6688150585188,3.0145715542449807
765,112300.0,18532.0,326.70688780053416,323.7018670407942,3.0050207597399776
766,112297.0,18531.0,325.71563799567235,322.7195510226109,2.9960869730614377
767,112292.0,18523.0,324.73015887151354,321.8590131188254,2.8711457526881645
768,112292.0,18516.0,323.7418204324441,320.91013177792206,2.831688654522054
769,112294.0,18508.0,322.7505832902915,319.9608007348173,2.7897825554741758
770,112293.0,18505.0,321.75927706980826,318.97757362874904,2.7817034410592214
771,112288.0,18502.0,320.7794065260758,317.99437898605566,2.78502754002011
772,112284.0,18495.0,319.7959459940863,317.0839416058395,2.7120043882467826
773,112277.0,18493.0,318.81876074351817,316.10087600713774,2.7178847363804266
774,112275.0,18491.0,317.82444444444445,315.135119788005,2.689324656439453
775,112274.0,18489.0,316.82729305092874,314.1692357618043,2.6580572891244287
776,112271.0,18487.0,315.8386404325247,313.1860226104832,2.6526178220415204
777,112266.0,18481.0,314.86405946591105,312.21892754721046,2.6451319187005993
778,112263.0,18477.0,313.8781388347006,311.25228662661675,2.62585220808387
779,112262.0,18471.0,312.8894060323173,310.30217638460294,2.5872296477143664
780,112256.0,18467.0,311.90615200969205,309.36957816645906,2.5365738432329863
781,112251.0,18460.0,310.9200452557214,308.48694474539536,2.433100510326028
782,112251.0,18458.0,309.9200630729346,307.52039765955146,2.399665413383161
783,112249.0,18455.0,308.928743240474,306.5514765646169,2.377266675857072
784,112244.0,18449.0,307.9508436976587,305.60065586210646,2.3501878355522194
785,112239.0,18446.0,306.96736428514134,304.633579095739,2.333785189402363
786,112230.0,18445.0,305.99198520894566,303.65012198427746,2.3418632246682023
787,112229.0,18444.0,304.9947428917657,302.6666124484925,2.32813044327321
788,112222.0,18443.0,304.01377180944905,301.6830233693001,2.330748440148966
789,112221.0,18443.0,303.01649869454013,300.68307759041375,2.333421104126387
790,112218.0,18440.0,302.0273396424815,299.71548264642087,2.3118569960606123
791,112216.0,18436.0,301.0408676124615,298.7310967671948,2.309770845266712
792,112212.0,18434.0,300.05160767119366,297.7636432678745,2.2879644033191653
793,112213.0,18426.0,299.05702102251973,296.84394334093133,2.213077681588402
794,112210.0,18419.0,298.06502985473674,295.95678375590427,2.108246098832467
795,112207.0,18418.0,297.0730123789067,294.9729883809319,2.1000239979748017
796,112205.0,18412.0,296.0809901519541,294.0529274386271,2.0280627133270173
797,112203.0,18408.0,295.0915973726194,293.08444697957424,2.0071503930451513
798,112203.0,18404.0,294.1022031496482,292.0836231254075,2.0185800242406913
799,112200.0,18402.0,293.1127317290551,291.09936419954363,2.01336752951147
800,112198.0,18395.0,292.1285094208452,290.14615384615377,1.9823555746914394
801,112190.0,18389.0,291.14935377484613,289.2409320789603,1.9084216958858065
802,112187.0,18385.0,290.15717507376075,288.30386184389465,1.853313229866103
803,112181.0,18383.0,289.17792674338784,287.3035413153459,1.8743854280419328
804,112176.0,18379.0,288.1934415561259,286.3503727079818,1.8430688481440711
805,112170.0,18373.0,287.21145582597853,285.4281282316442,1.7833275943343097
806,112168.0,18371.0,286.21916232793654,284.4434979043058,1.775664423630758
807,112171.0,18365.0,285.2243628032202,283.45809964606576,1.7662631571544125
808,112167.0,18362.0,284.2345654247684,282.5044385143228,1.7301269104455628
809,112160.0,18361.0,283.252322574893,281.5199063231852,1.732416251707832
810,112157.0,18357.0,282.2624535249694,280.5658059595795,1.696647565389867
811,112155.0,18353.0,281.2700548348268,279.61156214242885,1.6584926923979424
812,112148.0,18349.0,280.29015675714214,278.6570930295927,1.6330637275494269
813,112143.0,18349.0,279.3026805061393,277.6570930295927,1.6455874765466092
814,112139.0,18347.0,278.31766825100976,276.65678312530656,1.660885125703203
815,112136.0,18345.0,277.32513644146394,275.6870536931044,1.6380827483595226
816,112131.0,18341.0,276.3375159411762,274.7472602366282,1.5902557045479853
817,112128.0,18338.0,275.3449406035959,273.79226196968057,1.5526786339153205
818,112124.0,18333.0,274.3622105882773,272.8216058473789,1.5406047408984023
819,112119.0,18330.0,273.38185766908373,271.821167484997,1.5606901840867522
820,112113.0,18327.0,272.39651958292086,270.8656899656243,1.530829617296547
821,112108.0,18324.0,271.41359225033017,269.88018445754216,1.5334077927880116
822,112100.0,18322.0,270.43297502230155,268.90967143324957,1.5233035890519773
823,112097.0,18321.0,269.4402347966493,267.9244309808416,1.5158038158077147
824,112092.0,18318.0,268.45229365164334,266.96839174582374,1.4839019058196072
825,112084.0,18314.0,267.47387673530557,266.0120399694222,1.4618367658833904
826,112082.0,18310.0,266.4810585107333,265.05548880393223,1.4255697068010704
827,112081.0,18308.0,265.48586736378127,264.0698874808826,1.4159798828986823
828,112074.0,18303.0,264.507227367632,263.11287767032735,1.3943496973046763
829,112071.0,18302.0,263.51433912430514,262.12733581029397,1.3870033140111673
830,112064.0,18299.0,262.53082167332957,261.17039182469,1.3604298486395692
831,112062.0,18293.0,261.54258356980966,260.2128683102825,1.3297152595271768
832,112060.0,18289.0,260.54726039621653,259.269861665482,1.2773987307345465
833,112061.0,18283.0,259.5519761558436,258.3119564622873,1.2400196935562917
834,112055.0,18283.0,258.56589174958737,257.3119564622873,1.2539352873000666
835,112051.0,18283.0,257.5751532784177,256.31198381009676,1.263169468320939
836,112044.0,18282.0,256.59125879118903,255.32603106881086,1.265227722378171
837,112041.0,18281.0,255.5981337189065,254.34007986433997,1.2580538545665263
838,112040.0,18278.0,254.60043288111362,253.3818251449831,1.218607736130508
839,112037.0,18277.0,253.60956201968978,252.38173660885278,1.2278254108369993
840,112031.0,18275.0,252.6231757281467,251.4093570451436,1.2138186830030975
841,112024.0,18275.0,251.63897468399625,250.40946648426808,1.2295081997281727
842,112021.0,18271.0,250.6457449942422,249.46436976629627,1.1813752279459209
843,112014.0,18268.0,249.66143964147346,248.5054193124589,1.1560203290145523
844,112007.0,18265.0,248.6770603622988,247.54629071995618,1.1307696423426137
845,112004.0,18262.0,247.68597103674855,246.57334903077427,1.1126220059742877
846,112001.0,18258.0,246.69484647458503,245.61384050827036,1.0810059663146774
847,111998.0,18253.0,245.70367774424545,244.6675888894975,1.036088854747959
848,111996.0,18251.0,244.7080788599593,243.69442770259155,1.0136511573677467
849,111995.0,18248.0,243.71466583329612,242.70763919333618,1.0070266399599461
850,111993.0,18244.0,242.71903154661453,241.76090769568077,0.9581238509337595
851,111990.0,18242.0,241.72555585320123,240.78755070715923,0.938005146042002
852,111985.0,18237.0,240.7363709425369,239.85370400833477,0.8826669342021205
853,111980.0,18232.0,239.74713788176467,238.91950965335667,0.8276282284080025
854,111976.0,18231.0,238.75570657998145,237.9327244802808,0.8229820997006527
855,111975.0,18227.0,237.7578477338692,236.9849947879519,0.7728529459172933
856,111973.0,18225.0,236.76211229492836,236.01102880658442,0.7510834883439372
857,111969.0,18224.0,235.77058382230805,235.0239793678665,0.7466044544415524
858,111966.0,18224.0,234.7769144204491,234.02403424056183,0.7528801798872564
859,111963.0,18222.0,233.78323642631952,233.04974755789704,0.7334888684224836
860,111956.0,18221.0,232.79789381542747,232.0626200537841,0.7352737616433842
861,111948.0,18217.0,231.81665594740414,231.10073008728108,0.7159258601230647
862,111940.0,18217.0,230.83325888869044,230.10081242795187,0.7324464607385721
863,111933.0,18213.0,229.84976727149274,229.13866469005654,0.7111025814361938
864,111933.0,18211.0,228.84979854019815,228.16388446543294,0.6859140747652077
865,111926.0,18209.0,227.86412004360022,227.189027404031,0.6750926395692147
866,111924.0,18206.0,226.86820521067855,226.22646380314183,0.6417414075367276
867,111921.0,18206.0,225.87430419671006,225.2265736570361,0.6477305396739439
868,111919.0,18200.0,224.88242836336994,224.27587912087904,0.6065492424908996
869,111912.0,18200.0,223.89652137393665,223.2759065934065,0.6206147805301612
870,111907.0,18198.0,222.90857587103568,222.28813605890753,0.6204398121281542
871,111898.0,18196.0,221.9265313052959,221.31259617498336,0.6139351303125409
872,111892.0,18195.0,220.9384495763773,220.32481450948046,0.6136350668968475
873,111888.0,18193.0,219.94636154011164,219.34909030945965,0.5972712306519838
874,111885.0,18191.0,218.95228582919967,218.37326150294098,0.5790243262586898
875,111879.0,18189.0,217.96404597824443,217.39730056627621,0.5667454119682134
876,111875.0,18188.0,216.97184804469276,216.40928084451286,0.5625672001798989
877,111876.0,18184.0,215.97577675283355,215.42091948966117,0.55485726317238
878,111871.0,18184.0,214.98542964664654,214.4209469863616,0.5644826602849378
879,111871.0,18183.0,213.9854519938143,213.43273937194073,0.5527126218735816
880,111868.0,18181.0,212.9950387957235,212.43259446675097,0.562444328972532
881,111868.0,18179.0,211.9969830514535,211.44422135430983,0.5527616971436657
882,111861.0,18178.0,211.01026720662253,210.4558807349543,0.5543864716682378
883,111857.0,18177.0,210.01783527182025,209.4674588766022,0.550376395218052
884,111853.0,18176.0,209.0272500514069,208.4674295774649,0.5598204739419828
885,111849.0,18174.0,208.0347387996318,207.4903708594697,0.5443679401621182
886,111846.0,18174.0,207.0403367129805,206.4903983712998,0.5499383416807007
887,111842.0,18173.0,206.04775486847518,205.50184339404612,0.5459114744290616
888,111839.0,18170.0,205.0533043035078,204.53580077050088,0.5175035330069022
889,111835.0,18168.0,204.0625162069119,203.54703324526645,0.5154829616454606
890,111829.0,18164.0,203.07714904005235,202.56931292666803,0.5078361133843146
891,111825.0,18163.0,202.08444891571665,201.58052083906833,0.5039280766483216
892,111817.0,18161.0,201.09892502928898,200.60277517757825,0.4961498517107259
893,111813.0,18159.0,200.10612808886265,199.62486921085957,0.4812588780030751
894,111811.0,18159.0,199.10973428374683,198.62486921085957,0.4848650728872599
895,111805.0,18159.0,198.12042842448918,197.6248967454154,0.49553167907376405
896,111803.0,18158.0,197.12400382816213,196.63586298050444,0.4881408476576894
897,111796.0,18155.0,196.13635997710128,195.6684659873313,0.4678939897699763
898,111793.0,18151.0,195.1416412476632,194.7115861385047,0.43005510915847367
899,111789.0,18151.0,194.14865058279452,193.711641231888,0.4370093509065214
900,111783.0,18149.0,193.15908501292688,192.73301559314555,0.42606941978132795
901,111780.0,18148.0,192.16429146537843,191.74363566233194,0.4206558030464862
902,111776.0,18147.0,191.1729083166333,190.74359398247645,0.4293143341568566
903,111774.0,18145.0,190.17808703276256,189.75409203637372,0.4239949963888421
904,111765.0,18143.0,189.19342370151656,188.77503720443153,0.41838649708503794
905,111761.0,18141.0,188.20191748463247,187.7854032302518,0.41651425438067236
906,111756.0,18140.0,187.2103511220875,186.79581036383675,0.41454075825075165
907,111753.0,18138.0,186.21539466502026,185.8164626750468,0.39893198997344825
908,111749.0,18136.0,185.22207804991547,184.8369816938685,0.38509635604697223
909,111745.0,18135.0,184.2287440153922,183.84722911497096,0.38151490042125147
910,111737.0,18133.0,183.2419431343244,182.86750675563883,0.3744363786855729
911,111736.0,18132.0,182.24525220161814,181.8674442973748,0.37780790424335464
912,111733.0,18130.0,181.25343452695267,180.86734693877554,0.3860875881771335
913,111730.0,18129.0,180.2583325874877,179.8773512052513,0.3809813822363992
914,111723.0,18128.0,179.269653518076,178.88730141218008,0.38235210589593294
915,111717.0,18127.0,178.27929500434135,177.89722513377836,0.3820698705629866
916,111714.0,18125.0,177.28409151941582,176.9168551724138,0.36723634700203434
917,111712.0,18125.0,176.2872744199371,175.91691034482758,0.37036407510950653
918,111710.0,18123.0,175.29047086205355,174.93635159741774,0.35411926463581267
919,111701.0,18122.0,174.30461678946483,173.94603244674988,0.35858434271494843
920,111697.0,18120.0,173.31244796189696,172.95560154525384,0.35684641664312267
921,111692.0,18119.0,172.32023332020205,171.96520227385616,0.35503104634588567
922,111687.0,18116.0,171.32951462569508,170.98413005078385,0.3453845749112361
923,111684.0,18115.0,170.33566133018167,169.9840739718465,0.3515873583351663
924,111685.0,18113.0,169.3372073241706,168.9839893998786,0.3532179242920108
925,111683.0,18112.0,168.34026217060782,167.99331934628975,0.346942824318063
926,111680.0,18110.0,167.34783309455588,166.993263390392,0.3545697041638789
927,111675.0,18108.0,166.35534810835014,166.0117351446874,0.34361296366273564
928,111670.0,18107.0,165.3628145428494,165.02090351797648,0.34191102487292824
929,111666.0,18107.0,164.36876936578727,164.02093113160657,0.34783823418069915
930,111660.0,18105.0,163.37909278165858,163.0299917149959,0.3491010666626835
931,111657.0,18103.0,162.38350036271794,162.04805833287304,0.33544202984489857
932,111654.0,18100.0,161.38934117899942,161.06593922651933,0.32340195248008285
933,111650.0,18099.0,160.39518584863407,160.07489364053265,0.3202922081014208
934,111636.0,18097.0,159.4153274929234,159.0925844062552,0.32274308666819707
935,111630.0,18097.0,158.42392725969722,158.09269492181022,0.3312323378870019
936,111623.0,18093.0,157.43389355240413,157.1276460509589,0.3062475014452275
937,111616.0,18093.0,156.44378942087152,156.1276460509589,0.3161433699126235
938,111612.0,18092.0,155.45082070028303,155.12765310634524,0.3231675939377965
939,111608.0,18090.0,154.45641889470275,154.1448313985627,0.3115874961400493
940,111604.0,18087.0,153.46474140711808,153.15325924697294,0.31148216014514674
941,111602.0,18087.0,152.46751850325262,152.15325924697294,0.31425925627968354
942,111596.0,18087.0,151.47573837771967,151.15325924697294,0.3224791307467285
943,111591.0,18087.0,150.48254339507673,150.15331453530155,0.3292288597751849
944,111588.0,18084.0,149.48796913646623,149.16987392169875,0.3180952147674816
945,111583.0,18083.0,148.49603882311823,148.16982801526296,0.32621080785526146
946,111578.0,18082.0,147.50405545896146,147.16986505917487,0.3341903997865927
947,111573.0,18078.0,146.5120279996056,146.19426927757496,0.31775872203064637
948,111565.0,18077.0,145.52256532066505,145.2023842451734,0.32018107549166075
949,111558.0,18076.0,144.5317054805572,144.2104447886701,0.3212606918871188
950,111556.0,18075.0,143.53433253253968,143.21842323651447,0.315909296025211
951,111548.0,18075.0,142.54463997561587,142.21845089903175,0.32618907658411445
952,111547.0,18072.0,141.54850421795297,141.22628928729523,0.32221493065773643
953,111542.0,18070.0,140.55487170751823,140.24194798007747,0.31292372744076147
954,111538.0,18068.0,139.5611988739264,139.2496955944211,0.31150327950530254
955,111533.0,18067.0,138.5674777868433,138.2574306747109,0.3100471121324233
956,111528.0,18066.0,137.57371243095906,137.2651389350161,0.3085734959429658
957,111523.0,18064.0,136.57990280031925,136.28036426040748,0.29953853991176516
958,111518.0,18063.0,135.58604440538755,135.2879366661131,0.29810773927445666
959,111514.0,18062.0,134.59093925426404,134.29545454545462,0.29548470880942546
960,111508.0,18060.0,133.599400939843,133.3028792912514,0.29652164859160735
961,111509.0,18056.0,132.60182137764664,132.31020159503768,0.2916197826089615
962,111506.0,18054.0,131.60540688393445,131.32488645175584,0.280520432178605
963,111502.0,18053.0,130.61015049057414,130.33221625214645,0.27793423842769016
964,111498.0,18050.0,129.61604244022308,129.34662049861493,0.269421941608158
965,111491.0,18050.0,128.62419836578732,128.346675900277,0.2775224655103159
966,111487.0,18048.0,127.62882219451592,127.36095412234044,0.2678680721754745
967,111487.0,18044.0,126.63113636567493,126.37499999999999,0.2561363656749478
968,111484.0,18043.0,125.63571005704854,125.37496536052763,0.26074469652091636
969,111478.0,18043.0,124.64248999802653,124.37504849526131,0.26744150276522305
970,111474.0,18040.0,123.6469670057592,123.39575942350326,0.25120758225592965
971,111473.0,18039.0,122.64810761350283,122.4026553578358,0.24545225566703266
972,111466.0,18037.0,121.65582778605138,121.41628319565338,0.23954459039799758
973,111464.0,18033.0,120.66020419148782,120.4297399212555,0.23046427023231786
974,111463.0,18031.0,119.66130913397271,119.4431257279131,0.21818340605960884
975,111458.0,18030.0,118.66669507796655,118.4497504159734,0.21694466199315343
976,111454.0,18030.0,117.67098085308736,117.44977814753193,0.22120270555542731
977,111448.0,18029.0,116.67733831024331,116.45632037273283,0.2210179375104815
978,111444.0,18027.0,115.68259843508844,115.46277805513952,0.21982037994891357
979,111440.0,18025.0,114.6878230437903,114.46923717059637,0.21858587319393052
980,111433.0,18022.0,113.69505442732401,113.4884030629231,0.20665136440091203
981,111428.0,18017.0,112.70119718562665,112.51362601987016,0.1875711657564949
982,111424.0,18015.0,111.70527444715685,111.52611712461841,0.17915732253844396
983,111417.0,18015.0,110.7123060215228,110.52614487926733,0.18616114225547165
984,111414.0,18014.0,109.71530059059008,109.5323359609193,0.18296462967077787
985,111411.0,18012.0,108.71829532092883,108.54452587164114,0.17376944928768978
986,111402.0,18011.0,107.72710094971366,107.55060796180119,0.17649298791246792
987,111398.0,18008.0,106.73197454173324,106.56255553087517,0.1694190108580642
988,111390.0,18007.0,105.73967142472388,105.56852890542568,0.17114251929820057
989,111383.0,18005.0,104.74633920795809,104.58025548458765,0.1660837233704342
990,111378.0,18005.0,103.75106843362242,103.5802832546515,0.17078517897091672
991,111372.0,18004.0,102.75667582516246,102.58609197956011,0.1705838456023514
992,111369.0,18001.0,101.76040909050091,101.5974668073996,0.16294228310131587
993,111362.0,17999.0,100.76865537616067,100.59744985832546,0.17120551783520455
994,111362.0,17994.0,99.77231910346437,99.60300655774147,0.169312545722903
995,111354.0,17992.0,98.77951847261885,98.61407847932415,0.16543999329469727
996,111348.0,17991.0,97.78575726550991,97.61405702851428,0.1717002369956333
997,111342.0,17991.0,96.7910402184261,96.61411261186151,0.17692760656458972
998,111339.0,17989.0,95.79367517222178,95.62488187225527,0.16879329996650938
999,111333.0,17988.0,94.7988601762281,94.63028129864354,0.16857887758456513
1000,111331.0,17982.0,93.8031276104589,93.64606272939608,0.1570648810628228
1001,111331.0,17979.0,92.80399439509209,92.65651593525777,0.14747845983431773
1002,111326.0,17977.0,91.80818047895373,91.66693552873116,0.14124495022257122
1003,111323.0,17972.0,90.8115169372007,90.68731916314265,0.12419777405804666
1004,111315.0,17972.0,89.81806584916673,89.6873469841976,0.13071886496912555
1005,111310.0,17971.0,88.82213188392772,88.69233765511103,0.12979422881669223
1006,111303.0,17971.0,87.82772701544427,87.6923654777141,0.13536153773016224
1007,111301.0,17970.0,86.82931420202871,86.69730105731772,0.1320131447109958
1008,111302.0,17965.0,85.83090600348598,85.70693014194272,0.12397586154325779
1009,111296.0,17964.0,84.83556911299597,84.71170118013804,0.12386793285793374
1010,111290.0,17962.0,83.84170186000541,83.7118082618862,0.1298935981192102
1011,111283.0,17957.0,82.8469892076957,82.7351450687754,0.1118441389203042
1012,111280.0,17956.0,81.84924514737594,81.73975272889287,0.10949241848307167
1013,111275.0,17956.0,80.85294540552681,80.73983626642907,0.11310913909774456
1014,111273.0,17950.0,79.85660492662194,79.7533426183844,0.10326230823754656
1015,111271.0,17945.0,78.86021515039856,78.76219002507662,0.0980251253219393
1016,111268.0,17944.0,77.86307383973832,77.76217677218015,0.10089706755816508
1017,111264.0,17943.0,76.86659656312915,76.7621913838266,0.104405179302546
1018,111259.0,17942.0,75.87007792628016,75.76652547096201,0.10355245531815171
1019,111253.0,17940.0,74.87418316809435,74.77508361204016,0.09909955605418475
1020,111251.0,17935.0,73.87623931470281,73.79174797881237,0.08449133589044777
1021,111244.0,17934.0,72.88156664629105,72.79176424668226,0.08980239960878578
1022,111242.0,17932.0,71.88355567141906,71.7958119562793,0.08774371513976575
1023,111237.0,17932.0,70.886804750218,70.79581195627928,0.0909927939387245
1024,111234.0,17931.0,69.88939083373788,69.79582845351628,0.09356238022159857
1025,111226.0,17930.0,68.89442216747882,68.79974902398214,0.09467314349667788
1026,111225.0,17929.0,67.89507305012364,67.8036700317921,0.09140301833154751
1027,111218.0,17926.0,66.89936880720748,66.81507307821043,0.08429572899704851
1028,111213.0,17924.0,65.90239900011689,65.82255634902924,0.07984265108764532
1029,111209.0,17922.0,64.9053853555018,64.82621917196742,0.0791661835343831
1030,111204.0,17922.0,63.90831714686523,63.826247070639454,0.08207007622577578
1031,111201.0,17921.0,62.91006825478191,62.82983650465935,0.08023175012256445
1032,111195.0,17920.0,61.91348082197939,61.83337053571429,0.08011028626510353
1033,111191.0,17919.0,60.91572159617237,60.836849154528714,0.0788724416436537
1034,111189.0,17917.0,59.91738841072409,59.84023553050176,0.07715288022232869
1035,111184.0,17917.0,58.920105410850496,58.84023553050176,0.07986988034873832
1036,111179.0,17917.0,57.92277768283579,57.840235530501765,0.08254215233402817
1037,111174.0,17917.0,56.92540072319068,56.84040296924709,0.08499775394358977
1038,111170.0,17911.0,55.927457947287934,55.859471832951826,0.06798611433610802
1039,111168.0,17910.0,54.92846862406448,54.862674483528764,0.06579414053571497
1040,111167.0,17907.0,53.928989718171756,53.871921594907015,0.057068123264741644
1041,111161.0,17905.0,52.93190957260189,52.877939123149964,0.053970449451924196
1042,111159.0,17905.0,51.93289342293472,51.87802289863166,0.05487052430305539
1043,111153.0,17901.0,50.93619605408764,50.886738171051896,0.04945788303574261
1044,111146.0,17900.0,49.939435517247595,49.88963687150837,0.04979864573922299
1045,111141.0,17896.0,48.94260443940581,48.89522798390701,0.04737645549879943
1046,111136.0,17895.0,47.94483785632019,47.89801620564403,0.046821650676157844
1047,111129.0,17893.0,46.947871392705785,46.90342592075113,0.04444547195465276
1048,111126.0,17891.0,45.94915681298707,45.90869711027892,0.040459702708147915
1049,111122.0,17890.0,44.95083781789385,44.91137506987144,0.03946274802240879
1050,111117.0,17885.0,43.9532879757373,43.92144254962259,0.031845426114706754
1051,111112.0,17884.0,42.95528385772915,42.92401028852605,0.031273569203101204
1052,111109.0,17879.0,41.95685768029592,41.933609262262976,0.023248418032942197
1053,111103.0,17879.0,40.95914601765928,40.93366519380277,0.025480823856511847
1054,111098.0,17877.0,39.961007398873065,39.938300609721985,0.02270678915107993
1055,111094.0,17875.0,38.9624642194898,38.942797202797195,0.019667016692608286
1056,111090.0,17874.0,37.96388513817626,37.94497594271008,0.018909195466179085
1057,111086.0,17874.0,36.96527915308861,36.945059863488865,0.020219289599744172
1058,111081.0,17870.0,35.9672851342714,35.95128707330722,0.015998060964179217
1059,111079.0,17869.0,34.967950737763225,34.95332699087807,0.014623746885156663
1060,111075.0,17868.0,33.96922349763674,33.9553391537945,0.013884343842242686
1061,111072.0,17866.0,32.9701679991357,32.95916825254674,0.010999746588957748
1062,111066.0,17865.0,31.9719806241334,31.96109711726841,0.010883506864992398
1063,111059.0,17862.0,30.974027318812528,30.966465121486962,0.007562197325565734
1064,111053.0,17861.0,29.97601595634517,29.966491237892605,0.009524718452563974
1065,111045.0,17860.0,28.978198027826554,28.968169092945125,0.010028934881429308
1066,111040.0,17860.0,27.979507384726222,27.96822508398656,0.011282300739662077
1067,111039.0,17858.0,26.979781878439113,26.971357374846008,0.00842450359310476
1068,111034.0,17858.0,25.98102833366356,25.971385373502073,0.009642960161485803
1069,111027.0,17857.0,24.982679888675726,24.97286778294226,0.00981210573346658
1070,111024.0,17856.0,23.983386474996394,23.974322356630825,0.009064118365568419
1071,111017.0,17854.0,22.984921228280353,22.9770919681864,0.007829260093952684
1072,111013.0,17850.0,21.98599263149361,21.980952380952377,0.005040250541231472
1073,111005.0,17850.0,20.98760416197469,20.980980392156862,0.006623769817828418
1074,110999.0,17849.0,19.988756655465362,19.982211888621215,0.006544766844147176
1075,110996.0,17846.0,18.989508630941657,18.98450633195114,0.005002298990518739
1076,110989.0,17844.0,17.990733315914188,17.986634162743783,0.004099153170404435
1077,110983.0,17844.0,16.991737473306724,16.98666218336696,0.00507528993976436
1078,110976.0,17843.0,15.99284980536332,15.987670234825984,0.005179570537336531
1079,110967.0,17841.0,14.994173943604855,14.989462474076566,0.004711469528288603
1080,110961.0,17841.0,13.995007254801234,13.989518524746371,0.005488730054862501
1081,110956.0,17839.0,12.995660441976998,12.991114972812376,0.004545469164622062
1082,110951.0,17838.0,11.996268623085864,11.9918432559704,0.004425367115464596
1083,110946.0,17838.0,10.996822778649072,10.991927346115036,0.004895432534036459
1084,110943.0,17835.0,9.997142676870105,9.993888421642836,0.003254255227268743
1085,110938.0,17831.0,8.997611278371703,8.996158375862263,0.0014529025094400794
1086,110934.0,17830.0,7.997949231074332,7.996719012899607,0.0012302181747250174
1087,110931.0,17828.0,6.998188062849879,6.997644155261387,0.0005439075884918765
1088,110926.0,17827.0,5.998526044389954,5.998092780613676,0.00043326377627828094
1089,110921.0,17825.0,4.998823486986233,4.998793828892005,2.9658094228501852e-05
1090,110915.0,17824.0,3.9991344723436866,3.999074281867145,6.019047654159948e-05
1091,110906.0,17824.0,2.999495067895335,2.999130385996409,0.00036468189892602254
1092,110898.0,17822.0,1.9997520243827662,1.9995230613848054,0.0002289629979608243
1093,110889.0,17820.0,0.9999368738107477,0.9997755331088665,0.00016134070188122962
1094,110884.0,17819.0,0.0,0.0,0.0
OVERALL,25.0,134088.0,715.1800000000001,717.0377811586422,-1.857781158642183
