rel_day,n,median_censor_time,prop_censored_before_tau,min_Y,flag_median_censor_lt_tau,flag_prop_censored_gt_50pct,flag_unreliable
-30,139588,708.0,3.581969796830673e-05,,False,False,False
-29,139588,707.0,4.2983637561968075e-05,,False,False,False
-28,139588,706.0,4.2983637561968075e-05,139582.0,False,False,False
-27,139586,705.0,2.865616895677217e-05,139582.0,False,False,False
-26,139586,704.0,2.865616895677217e-05,139581.0,False,False,False
-25,139586,703.0,2.865616895677217e-05,139579.0,False,False,False
-24,139586,702.0,2.865616895677217e-05,139577.0,False,False,False
-23,139586,701.0,2.865616895677217e-05,139573.0,False,False,False
-22,139586,700.0,2.865616895677217e-05,139570.0,False,False,False
-21,139586,699.0,2.865616895677217e-05,139567.0,False,False,False
-20,139586,698.0,2.865616895677217e-05,139565.0,False,False,False
-19,139585,697.0,2.1492280689185802e-05,139559.0,False,False,False
-18,139585,696.0,2.8656374252247734e-05,139559.0,False,False,False
-17,139585,695.0,2.8656374252247734e-05,139555.0,False,False,False
-16,139585,694.0,2.8656374252247734e-05,139551.0,False,False,False
-15,139585,693.0,2.8656374252247734e-05,139549.0,False,False,False
-14,139585,692.0,2.8656374252247734e-05,139545.0,False,False,False
-13,139584,691.0,2.1492434662998625e-05,139542.0,False,False,False
-12,139584,690.0,2.1492434662998625e-05,139538.0,False,False,False
-11,139584,689.0,2.1492434662998625e-05,139536.0,False,False,False
-10,139584,688.0,2.1492434662998625e-05,139531.0,False,False,False
-9,139584,687.0,2.1492434662998625e-05,139524.0,False,False,False
-8,139584,686.0,2.8656579550664832e-05,139517.0,False,False,False
-7,139584,685.0,2.8656579550664832e-05,139513.0,False,False,False
-6,139584,684.0,3.582072443833104e-05,139509.0,False,False,False
-5,139584,683.0,3.582072443833104e-05,139506.0,False,False,False
-4,139584,682.0,3.582072443833104e-05,139501.0,False,False,False
-3,139584,681.0,3.582072443833104e-05,139498.0,False,False,False
-2,139583,680.0,2.8656784852023526e-05,139496.0,False,False,False
-1,139583,679.0,3.582098106502941e-05,139494.0,False,False,False
0,139583,678.0,3.582098106502941e-05,139491.0,False,False,False
1,139582,677.0,2.865699015632388e-05,139488.0,False,False,False
2,139581,676.0,2.8657195463565957e-05,139483.0,False,False,False
3,139581,675.0,3.582149432945745e-05,139480.0,False,False,False
4,139579,674.0,3.5822007608594415e-05,139476.0,False,False,False
5,139577,673.0,3.582252090244095e-05,139472.0,False,False,False
6,139573,672.0,3.582354753426522e-05,139465.0,False,False,False
7,139570,671.0,4.298918105610088e-05,139457.0,False,False,False
8,139567,670.0,4.2990105110806994e-05,139453.0,False,False,False
9,139565,669.0,4.2990721169347615e-05,139448.0,False,False,False
10,139559,668.0,4.2992569450913233e-05,139443.0,False,False,False
11,139556,667.0,4.2993493651294104e-05,139443.0,False,False,False
12,139555,666.0,3.582816810576475e-05,139437.0,False,False,False
13,139551,665.0,5.0160873085825257e-05,139430.0,False,False,False
14,139549,664.0,5.73275336978409e-05,139423.0,False,False,False
15,139545,663.0,5.732917696800315e-05,139419.0,False,False,False
16,139542,662.0,6.449671066775594e-05,139410.0,False,False,False
17,139538,661.0,6.449855953217045e-05,139405.0,False,False,False
18,139536,660.0,6.449948400412796e-05,139399.0,False,False,False
19,139531,659.0,6.450179529996919e-05,139396.0,False,False,False
20,139524,658.0,7.167225710272068e-05,139391.0,False,False,False
21,139518,657.0,7.167533938273198e-05,139386.0,False,False,False
22,139513,656.0,6.451011733673564e-05,139380.0,False,False,False
23,139510,655.0,6.451150455164505e-05,139378.0,False,False,False
24,139506,654.0,5.734520379051797e-05,139371.0,False,False,False
25,139501,653.0,5.7347259159432546e-05,139371.0,False,False,False
26,139498,652.0,5.734849245150468e-05,139367.0,False,False,False
27,139496,651.0,6.451797901015083e-05,139358.0,False,False,False
28,139495,650.0,6.451844152120147e-05,139355.0,False,False,False
29,139491,649.0,5.7351370339305047e-05,139355.0,False,False,False
30,139488,648.0,5.735260380821289e-05,139355.0,False,False,False
31,139483,647.0,6.452399217108894e-05,139351.0,False,False,False
32,139481,646.0,6.452491737225858e-05,139349.0,False,False,False
33,139476,645.0,5.7357538214459836e-05,139346.0,False,False,False
34,139472,644.0,6.452908110588505e-05,139343.0,False,False,False
35,139465,643.0,6.453231993690173e-05,139340.0,False,False,False
36,139458,642.0,6.453555909306028e-05,139337.0,False,False,False
37,139453,641.0,5.736699820011043e-05,139331.0,False,False,False
38,139448,640.0,7.171131891457748e-05,139327.0,False,False,False
39,139443,639.0,7.171389026340512e-05,139324.0,False,False,False
40,139437,638.0,7.171697612541864e-05,139321.0,False,False,False
41,139437,637.0,7.888867373796052e-05,139312.0,False,False,False
42,139432,636.0,9.323541224396121e-05,139305.0,False,False,False
43,139424,635.0,8.606839568510444e-05,139300.0,False,False,False
44,139419,634.0,7.88988588355963e-05,139294.0,False,False,False
45,139411,633.0,8.607642151623616e-05,139290.0,False,False,False
46,139405,632.0,7.890678239661418e-05,139287.0,False,False,False
47,139399,631.0,7.891017869568648e-05,139284.0,False,False,False
48,139396,630.0,9.325949094665557e-05,139280.0,False,False,False
49,139392,629.0,0.00012195821854912763,139275.0,False,False,False
50,139386,628.0,0.00011478914668618082,139271.0,False,False,False
51,139380,627.0,0.00012196871861099154,139268.0,False,False,False
52,139378,626.0,0.00012197046879708419,139265.0,False,False,False
53,139371,625.0,0.00012197659484397758,139265.0,False,False,False
54,139367,624.0,0.00012198009571849865,139261.0,False,False,False
55,139367,623.0,0.0001363306952147926,139251.0,False,False,False
56,139359,622.0,0.00015068994467526317,139245.0,False,False,False
57,139355,621.0,0.00015069427002978005,139242.0,False,False,False
58,139352,620.0,0.00015069751420862277,139240.0,False,False,False
59,139352,619.0,0.00015787358631379528,139236.0,False,False,False
60,139352,618.0,0.00015787358631379528,139232.0,False,False,False
