rel_day,rmst_real,real_lower,real_upper,rmst_placebo,placebo_lower,placebo_upper,rmst_diff
-30,29.999670622380492,,,29.935781108139746,29.931692273695944,29.94119598904768,0.06388951424074563
-29,29.99965152802574,,,29.934692812617477,29.929296634065043,29.9396910266123,0.06495871540826315
-28,30.0,30.0,30.0,29.934984866926122,29.928253705946368,29.94119885704197,0.06501513307387796
-27,29.999985678960485,29.999985678883128,29.99998567903784,29.935564193997084,29.929556242494122,29.939761116753324,0.06442148496340039
-26,29.99996658424113,29.999966584080095,29.999966584402163,29.936191571002457,29.930637150758482,29.941376265100807,0.06377501323867207
-25,29.999937942162095,29.999937941905525,29.999937942418665,29.93771267009422,29.931782430336874,29.94483772649896,0.06222527206787376
-24,29.999894979043546,29.999894978675247,29.999894979411845,29.937178083235818,29.93115575721253,29.942501956602566,0.06271689580772843
-23,29.999828147525804,29.99982814702447,29.999828148027138,29.93651044640564,29.931984401723895,29.94125937286456,0.06331770112016244
-22,29.999742221288702,29.999742220632307,29.999742221945098,29.93747207622321,29.934228727613128,29.941301108415455,0.062270145065493665
-21,29.999641974012086,29.99964197318253,29.99964197484164,29.937084476456857,29.931693962090037,29.9435034767417,0.06255749755522899
-20,29.999527405695954,29.999527404678492,29.999527406713415,29.93665752329332,29.930925693301866,29.941712053897792,0.06286988240263369
-19,29.99937942162095,29.99937942039949,29.999379422842413,29.937157599112094,29.930655867169392,29.942407138917034,0.06222182250885666
-18,29.999212342826592,29.99921234138425,29.999212344268933,29.93641027538979,29.931326855777854,29.94146075491854,0.06280206743680239
-17,29.999040490352392,29.99904048867599,29.999040492028794,29.938171401977844,29.933359810021877,29.945382188859387,0.06086908837454885
-16,29.99884476936504,29.9988447674431,29.99884477128698,29.93915900174906,29.93268165823935,29.945761233532156,0.05968576761597788
-15,29.99863950092684,29.998639498748545,29.99863950310513,29.93958797274318,29.931622404160738,29.945380426170363,0.059051528183658775
-14,29.9984055901361,29.998405587690804,29.9984055925814,29.941086877926267,29.93533587176387,29.946177774283658,0.057318712209834644
-13,29.998157358169088,29.998157355445965,29.99815736089221,29.942268076881298,29.93372416660651,29.948270007294802,0.05588928128779003
-12,29.99788048384953,29.99788048083778,29.997880486861284,29.942250848886193,29.932647654052968,29.94859425341702,0.0556296349633385
-11,29.997584514628283,29.99758451131691,29.997584517939657,29.942240861813893,29.931664044031972,29.948424970096024,0.0553436528143898
-10,29.997245581673063,29.997245578050237,29.99724558529589,29.941746936290105,29.932166221631533,29.948355948681066,0.05549864538295779
-9,29.996863684778702,29.99686368083085,29.996863688726556,29.94256712818109,29.934620548587088,29.948738608703003,0.05429655659761323
-8,29.99645314525825,29.99645314097139,29.99645314954511,29.9425374698592,29.934360600944352,29.947467961002435,0.0539156753990504
-7,29.996023510653735,29.996023506014804,29.996023515292666,29.942269243593593,29.932898318516195,29.94891858992866,0.053754267060142524
-6,29.99556523342312,29.995565228419824,29.99556523842642,29.94407020225964,29.9333048224809,29.951837088943282,0.05149503116348342
-5,29.995078313429623,29.995078308049944,29.995078318809302,29.944037405614267,29.93398351534786,29.951920913799125,0.05104090781535575
-4,29.99455797687942,29.994557971111448,29.994557982647393,29.946588383017513,29.937613201527224,29.95149442808997,0.047969593861907356
-3,29.99401854497155,29.994018538803846,29.994018551139252,29.94761734098801,29.939881828343264,29.952107645426626,0.04640120398353886
-2,29.993455243866592,29.99345523728841,29.993455250444775,29.94846559814481,29.942266053436125,29.952760044811207,0.0449896457217811
-1,29.992882395037192,29.992882388038726,29.992882402035658,29.94820851011019,29.940027078949644,29.953584146467044,0.04467388492700053
0,29.992290450758915,29.992290443331203,29.992290458186627,29.94911017761919,29.942013416848685,29.95363234781843,0.0431802731397255
1,29.991679411031757,29.99167940316629,29.991679418897224,29.949585269280306,29.942782238272816,29.953804381067222,0.042094141751451986
2,29.991464463216786,29.99146445523525,29.991464471198324,29.949957469056308,29.94514305655647,29.954774082226315,0.04150699416047843
3,29.99095839203069,29.990958383705287,29.990958400356096,29.950348914276738,29.945957123344506,29.95513311587171,0.04060947775395363
4,29.990581162660582,29.990581154084122,29.990581171237043,29.95193031276751,29.9470785842899,29.956064506241283,0.03865084989307377
5,29.99032322468962,29.990323215952852,29.99032323342639,29.951825584105023,29.947413023413255,29.956919190864642,0.03849764058459826
6,29.99031820322256,29.99031819451912,29.990318211926002,29.952748108479632,29.94682197688803,29.958573575133684,0.03757009474292872
7,29.99015090582631,29.990150897052846,29.990150914599777,29.953677780051702,29.948853099210623,29.958653785175112,0.03647312577460937
8,29.989826100397163,29.98982609144526,29.989826109349067,29.954799338709545,29.949941776722703,29.959858335603418,0.03502676168761809
9,29.989491735385794,29.989491726243852,29.989491744527736,29.956858277561434,29.954145299934567,29.959682879521427,0.032633457824360335
10,29.989706205059605,29.989706196108095,29.989706214011115,29.956595037001772,29.954484272453925,29.958487332021527,0.03311116805783243
11,29.989491127586206,29.98949111853719,29.98949113663522,29.958007456965976,29.955004470163704,29.960370545795616,0.031483670620229276
12,29.988860813561352,29.98886080411705,29.988860823005655,29.95923315788159,29.956301645739703,29.961890566725987,0.029627655679760778
13,29.988774575316267,29.98877456583626,29.988774584796275,29.959335693697618,29.955385255187185,29.963015408046306,0.02943888161864905
14,29.988253997895445,29.988253988097416,29.988254007693474,29.959578837275437,29.955353934414703,29.96369419402384,0.028675160620007745
15,29.98828705576628,29.988287045998984,29.988287065533573,29.959584434826418,29.954932093972808,29.964070950491372,0.028702620939860424
16,29.987876212861853,29.987876202853943,29.98787622286976,29.960604582240183,29.956817219951372,29.964461569720832,0.027271630621669374
17,29.987875830157446,29.98787582016312,29.987875840151773,29.96091123876166,29.957241692851618,29.96431130979488,0.02696459139578522
18,29.987579501155786,29.9875794909967,29.98757951131487,29.96200166829333,29.95978234609414,29.964865374826662,0.025577832862456518
19,29.987994387432042,29.987994377542282,29.987994397321803,29.962621249652443,29.9597980363379,29.964847949569343,0.025373137779599375
20,29.98842841564746,29.98842840605319,29.98842842524173,29.96188936738813,29.958421115503178,29.965663157655296,0.026539048259326847
21,29.98844714962602,29.988447140070605,29.988447159181433,29.962797670618478,29.95889411121729,29.96714483388,0.025649479007540776
22,29.988179443011152,29.988179433308755,29.98817945271355,29.96359531733528,29.958881253311468,29.968243100376878,0.024584125675872315
23,29.988188613764542,29.988188604089604,29.98818862343948,29.963303046487646,29.95866547361149,29.968560833582963,0.024885567276896836
24,29.988188233485886,29.98818822383866,29.988188243133113,29.9643194186789,29.9609891461171,29.97014911944152,0.023868814806984773
25,29.988331082538185,29.988331073012606,29.988331092063763,29.96398594769915,29.960973569786347,29.97060900487418,0.024345134839034444
26,29.98807289623181,29.98807288655388,29.98807290590974,29.964043857510784,29.959861287208266,29.97192688157692,0.02402903872102513
27,29.987924497276474,29.98792448752865,29.987924507024296,29.96402174502441,29.959415239483448,29.972041887392653,0.023902752252062953
28,29.987351150796602,29.987351140702543,29.98735116089066,29.96489662266406,29.960612798252694,29.9728234201509,0.022454528132541896
29,29.98704515920616,29.98704514892731,29.98704516948501,29.965070022252064,29.959472430243686,29.973588017439905,0.021975136954097252
30,29.986748708571355,29.986748698098907,29.986748719043803,29.9646222125549,29.958763965079577,29.973059945328842,0.022126496016454666
31,29.986896307444894,29.986896297026487,29.9868963178633,29.965314662785186,29.960080687361383,29.971405083181192,0.021581644659708132
32,29.986633275466104,29.986633264851392,29.986633286080817,29.966207373597136,29.960567166961866,29.97277027519552,0.02042590186896831
33,29.98636067850065,29.98636066768276,29.986360689318538,29.966369574987294,29.961237699593724,29.97341151835818,0.019991103513355313
34,29.986513058454477,29.986513047673814,29.98651306923514,29.966158274628743,29.9612722396961,29.972874688185446,0.0203547838257343
35,29.98710481249725,29.98710480201416,29.987104822980342,29.966470956970547,29.960906730757966,29.973068820733936,0.020633855526703826
36,29.98757723301551,29.987577222775712,29.98757724325531,29.968199155695867,29.963324793449484,29.973464529841948,0.019378077319643694
37,29.98776312302953,29.98776311288014,29.987763133178923,29.968222291462375,29.962524309777304,29.97308945569961,0.019540831567155692
38,29.987676792018412,29.98767678179084,29.987676802245986,29.96890707372798,29.96304531994115,29.972838857567766,0.01876971829043228
39,29.988020333877003,29.98802032383353,29.988020343920475,29.96913096470455,29.963917031375612,29.972995080156966,0.01888936917245232
40,29.988239718018004,29.988239708086184,29.988239727949825,29.969003099845953,29.96478306645676,29.973199456351477,0.01923661817205158
41,29.987584961092217,29.987584950746818,29.987584971437617,29.969355089335835,29.965377342877844,29.972957782855378,0.018229871756382465
42,29.987766099963398,29.98776608970782,29.987766110218978,29.970756240049433,29.96720962479787,29.97426020518614,0.01700985991396564
43,29.987813497023247,29.987813486777778,29.987813507268715,29.971336594746855,29.96775768789578,29.974970180102133,0.016476902276391314
44,29.987846554399376,29.987846544165702,29.98784656463305,29.97194311121415,29.969809843637286,29.974576997751164,0.015903443185226962
45,29.988314346284398,29.988314336331698,29.988314356237098,29.972827147238576,29.970781703667388,29.974840021789948,0.015487199045821853
46,29.988514637186622,29.988514627358963,29.98851464701428,29.973358003340696,29.970749860239362,29.976388058895164,0.015156633845926137
47,29.988877407332396,29.98887739773375,29.988877416931043,29.973897534039867,29.97087369837552,29.977123804121216,0.014979873292528367
48,29.988819738017405,29.988819728385355,29.988819747649455,29.974725613854673,29.971526320267532,29.97809840042682,0.014094124162731703
49,29.988781188230885,29.988781178563407,29.988781197898362,29.974826910380937,29.9710081937967,29.978478572617785,0.013954277849947516
50,29.988885980633626,29.988885971022512,29.98888599024474,29.975320227454205,29.969977269338525,29.978773818002843,0.01356575317942088
51,29.989005117745627,29.989005108196146,29.98900512729511,29.9766047040356,29.970237097231514,29.98036510577779,0.01240041371002576
52,29.989129043129008,29.98912903364692,29.989129052611098,29.976657474874337,29.97090089554042,29.979549433985337,0.012471568254671439
53,29.989534918236505,29.98953490902136,29.98953492745165,29.976203234633545,29.971987372084083,29.979141352485183,0.013331683602959998
54,29.989687550034958,29.989687540914762,29.989687559155154,29.97650184316106,29.973857960444782,29.978759062147446,0.013185706873898084
55,29.989113763313973,29.98911375380994,29.98911377281801,29.976684402522228,29.975442480398495,29.977900656242888,0.012429360791745836
56,29.989940247107718,29.989940238166696,29.98994025604874,29.976105900892765,29.974787411858735,29.97848018231807,0.01383434621495283
57,29.989806129483085,29.989806120457278,29.989806138508893,29.97654705720739,29.97452940401126,29.97854543648841,0.01325907227569445
58,29.98996355968912,29.989963550773314,29.989963568604924,29.976392316976018,29.97471378448491,29.978949500362287,0.013571242713101839
59,29.989542653169238,29.989542643971156,29.98954266236732,29.976754465632162,29.974969616828538,29.97891637892293,0.012788187537076112
60,29.98896878625556,29.988968776670173,29.988968795840943,29.977127974906956,29.97452282135242,29.98057806604071,0.011840811348601932
61,29.988648216740767,29.98864820694063,29.988648226540903,29.97637425787918,29.973525604735503,29.97987342947364,0.012273958861587886
62,29.988719559004583,29.988719549253783,29.988719568755382,29.976907679956167,29.974304467148794,29.97976583332787,0.011811879048416074
63,29.988642729227717,29.988642719436854,29.98864273901858,29.977465115897864,29.974403158802964,29.98030205910848,0.011177613329852676
64,29.988580240188508,29.988580230354902,29.988580250022114,29.97754432998206,29.97594359522371,29.97949720144776,0.011035910206448563
65,29.988522527290048,29.98852251741133,29.988522537168766,29.97801535479301,29.97583114289178,29.980545440145985,0.010507172497039363
66,29.98904802492978,29.989048015374504,29.989048034485055,29.97811570000676,29.97631351236691,29.97958876586939,0.010932324923018655
67,29.988870812026434,29.98887080235194,29.988870821700928,29.977960210650004,29.97528675611024,29.97961125401398,0.010910601376430407
68,29.988817881417493,29.98881787170982,29.988817891125166,29.97780097174827,29.97382387177499,29.979989915334652,0.011016909669223196
69,29.988621530667935,29.98862152083256,29.98862154050331,29.977624063769547,29.972798387638125,29.97985665621778,0.010997466898388097
70,29.989280985262837,29.989280975852292,29.989280994673383,29.978719248344287,29.97416394275313,29.982189192663395,0.010561736918550224
71,29.989385853742327,29.98938584441269,29.989385863071963,29.97883407807056,29.974457638025573,29.981120701035117,0.010551775671768127
72,29.989328143710615,29.98932813436975,29.98932815305148,29.978580880832578,29.97340853651876,29.981187516933094,0.010747262878037844
73,29.989829885693435,29.989829876733047,29.989829894653823,29.978692206302732,29.97353920557929,29.981773633654488,0.011137679390703425
74,29.989776961838857,29.989776952887787,29.989776970789926,29.979215478227058,29.97475832175484,29.983541285174272,0.01056148361179865
75,29.989724032476705,29.989724023532485,29.989724041420924,29.979623353152,29.976143260990252,29.982615073528027,0.010100679324704487
76,29.989393745530933,29.989393736391253,29.989393754670612,29.98027599005716,29.976360488466675,29.983446420548347,0.009117755473774025
77,29.9894890621235,29.989489053072298,29.989489071174702,29.980159009801536,29.976461620622576,29.983956951541867,0.009330052321963933
78,29.988852683240317,29.988852673791556,29.98885269268908,29.980175492509044,29.976165672899768,29.98346456552784,0.008677190731273043
79,29.98876623777274,29.98876622828865,29.98876624725683,29.980335005477247,29.975269869675376,29.984116666646482,0.008431232295492919
80,29.9884024168658,29.98840240715486,29.988402426576737,29.98038710098704,29.9767266958479,29.98302620597761,0.008015315878758145
81,29.9883303109485,29.98833030118406,29.988330320712937,29.980573477561176,29.977380555447873,29.983182073285928,0.007756833387322359
82,29.98854037760734,29.988540367972302,29.988540387242377,29.980789494972026,29.976653784803815,29.984277755309815,0.0077508826353138716
83,29.98787042990956,29.987870419859348,29.98787043995977,29.98100261740392,29.976477572657267,29.984381710590196,0.006867812505639392
84,29.988204861638344,29.98820485178532,29.98820487149137,29.98122571577652,29.976672567819087,29.985862893259107,0.006979145861823355
85,29.98854410173656,29.988544092099634,29.98854411137349,29.981708878783074,29.97541215840292,29.98687323581679,0.006835222953487374
86,29.988031945200476,29.988031935239373,29.988031955161578,29.981469349064362,29.975017999433494,29.9865469988519,0.006562596136113541
87,29.987648920007025,29.987648909798857,29.987648930215194,29.980943372006607,29.97509542310244,29.98620316200315,0.00670554800041856
88,29.98784466926684,29.987844659153843,29.987844679379833,29.980806729399056,29.974711891073877,29.985651487069813,0.007037939867782228
89,29.987609925294734,29.987609915018282,29.987609935571186,29.98117836135134,29.976759097160247,29.985666280263345,0.006431563943394281
90,29.987925300777047,29.987925290682327,29.987925310871766,29.981181958591588,29.97716665777207,29.98521390090555,0.0067433421854588005
