rel_day,rmst,n,rmst_se,rmst_ci_lower,rmst_ci_upper,method,rmst_km
-30,29.999670622380492,209486,,,,mean,30.0
-29,29.99965152802574,209486,,,,mean,30.0
-28,30.0,209486,0.0,30.0,30.0,IF,30.0
-27,29.999985678960485,209486,3.94684997556716e-11,29.999985678883128,29.99998567903784,IF,29.99998567896048
-26,29.99996658424113,209486,8.216014348117747e-11,29.999966584080095,29.999966584402163,IF,29.999966584241125
-25,29.999937942162095,209485,1.3090235619623177e-10,29.999937941905525,29.999937942418665,IF,29.99993794216209
-24,29.999894979043546,209485,1.879070372659993e-10,29.999894978675247,29.999894979411845,IF,29.99989497904354
-23,29.999828147525804,209484,2.5578349412660137e-10,29.99982814702447,29.999828148027138,IF,29.999828147525797
-22,29.999742221288702,209484,3.3489641088657005e-10,29.999742220632307,29.999742221945098,IF,29.9997422212887
-21,29.999641974012086,209484,4.2324320007254174e-10,29.99964197318253,29.99964197484164,IF,29.999641974012082
-20,29.999527405695954,209484,5.191122124043201e-10,29.999527404678492,29.999527406713415,IF,29.99952740569595
-19,29.99937942162095,209484,6.231954918627234e-10,29.99937942039949,29.999379422842413,IF,29.999379421620947
-18,29.999212342826592,209484,7.358880888329558e-10,29.99921234138425,29.999212344268933,IF,29.99921234282659
-17,29.999040490352392,209484,8.553073955459455e-10,29.99904048867599,29.999040492028794,IF,29.99904049035239
-16,29.99884476936504,209484,9.805821358910347e-10,29.9988447674431,29.99884477128698,IF,29.99884476936503
-15,29.99863950092684,209483,1.1113734486243843e-09,29.998639498748545,29.99863950310513,IF,29.998639500926828
-14,29.9984055901361,209483,1.247599849590496e-09,29.998405587690804,29.9984055925814,IF,29.99840559013608
-13,29.998157358169088,209483,1.3893483045640795e-09,29.998157355445965,29.99815736089221,IF,29.998157358169067
-12,29.99788048384953,209483,1.5366084436042588e-09,29.99788048083778,29.997880486861284,IF,29.99788048384951
-11,29.997584514628283,209483,1.6894757717550428e-09,29.99758451131691,29.997584517939657,IF,29.997584514628258
-10,29.997245581673063,209483,1.8483803409321096e-09,29.997245578050237,29.99724558529589,IF,29.997245581673035
-9,29.996863684778702,209483,2.0142113250874485e-09,29.99686368083085,29.996863688726556,IF,29.99686368477867
-8,29.99645314525825,209483,2.187173968211676e-09,29.99645314097139,29.99645314954511,IF,29.996453145258215
-7,29.996023510653735,209483,2.3668019454257135e-09,29.996023506014804,29.996023515292666,IF,29.996023510653696
-6,29.99556523342312,209483,2.5527024904732977e-09,29.995565228419824,29.99556523842642,IF,29.995565233423086
-5,29.995078313429623,209483,2.7447346820352225e-09,29.995078308049944,29.995078318809302,IF,29.995078313429584
-4,29.99455797687942,209483,2.942842638462569e-09,29.994557971111448,29.994557982647393,IF,29.994557976879378
-3,29.99401854497155,209483,3.1467876429140898e-09,29.994018538803846,29.994018551139252,IF,29.9940185449715
-2,29.993455243866592,209482,3.3562159131271795e-09,29.99345523728841,29.993455250444775,IF,29.99345524386654
-1,29.992882395037192,209482,3.570645434612043e-09,29.992882388038726,29.992882402035658,IF,29.992882395037135
0,29.992290450758915,209482,3.789648274691949e-09,29.992290443331203,29.992290458186627,IF,29.992290450758855
1,29.991679411031757,209482,4.0129924103602454e-09,29.99167940316629,29.991679418897224,IF,29.991679411031694
2,29.991464463216786,209479,4.072212621538967e-09,29.99146445523525,29.991464471198324,IF,29.99146446321675
3,29.99095839203069,209478,4.2476559758419526e-09,29.990958383705287,29.990958400356096,IF,29.990958392030677
4,29.990581162660582,209476,4.375744238497215e-09,29.990581154084122,29.990581171237043,IF,29.990581162660575
5,29.99032322468962,209473,4.4575352951108705e-09,29.990323215952852,29.99032323342639,IF,29.990323224689615
6,29.99031820322256,209468,4.4405318081391035e-09,29.99031819451912,29.990318211926002,IF,29.99031820322254
7,29.99015090582631,209464,4.476258149347546e-09,29.990150897052846,29.990150914599777,IF,29.990150905826255
8,29.989826100397163,209461,4.567297867482506e-09,29.98982609144526,29.989826109349067,IF,29.989826100397103
9,29.989491735385794,209458,4.664255620057935e-09,29.989491726243852,29.989491744527736,IF,29.98949173538576
10,29.989706205059605,209451,4.567096795360514e-09,29.989706196108095,29.989706214011115,IF,29.989706205059548
11,29.989491127586206,209447,4.61684393181746e-09,29.98949111853719,29.98949113663522,IF,29.98949112758616
12,29.988860813561352,209446,4.818522706043011e-09,29.98886080411705,29.988860823005655,IF,29.98886081356134
13,29.988774575316267,209440,4.836738786033721e-09,29.98877456583626,29.988774584796275,IF,29.988774575316267
14,29.988253997895445,209437,4.998994579217282e-09,29.988253988097416,29.988254007693474,IF,29.988253997895434
15,29.98828705576628,209431,4.9833142462626995e-09,29.988287045998984,29.988287065533573,IF,29.988287055766282
16,29.987876212861853,209428,5.106076275709279e-09,29.987876202853943,29.98787622286976,IF,29.987876212861835
17,29.987875830157446,209422,5.099147082223806e-09,29.98787582016312,29.987875840151773,IF,29.987875830157453
18,29.987579501155786,209418,5.183206598353861e-09,29.9875794909967,29.98757951131487,IF,29.987579501155754
19,29.987994387432042,209408,5.045795173548562e-09,29.987994377542282,29.987994397321803,IF,29.98799438743202
20,29.98842841564746,209398,4.895035557206456e-09,29.98842840605319,29.98842842524173,IF,29.98842841564744
21,29.98844714962602,209392,4.875211519013914e-09,29.988447140070605,29.988447159181433,IF,29.988447149626033
22,29.988179443011152,209388,4.950202547380587e-09,29.988179433308755,29.98817945271355,IF,29.98817944301114
23,29.988188613764542,209382,4.936192735660995e-09,29.988188604089604,29.98818862343948,IF,29.988188613764535
24,29.988188233485886,209375,4.922054216276043e-09,29.98818822383866,29.988188243133113,IF,29.988188233485907
25,29.988331082538185,209368,4.859988551182321e-09,29.988331073012606,29.988331092063763,IF,29.988331082538192
26,29.98807289623181,209362,4.937718714568423e-09,29.98807288655388,29.98807290590974,IF,29.98807289623184
27,29.987924497276474,209357,4.973378411805641e-09,29.98792448752865,29.987924507024296,IF,29.98792449727647
28,29.987351150796602,209354,5.150030622632985e-09,29.987351140702543,29.98735116089066,IF,29.98735115079658
29,29.98704515920616,209350,5.244311836378133e-09,29.98704514892731,29.98704516948501,IF,29.987045159206147
30,29.986748708571355,209346,5.343085886541575e-09,29.986748698098907,29.986748719043803,IF,29.986748708571355
31,29.986896307444894,209339,5.315513580668614e-09,29.986896297026487,29.9868963178633,IF,29.986896307444873
32,29.986633275466104,209335,5.415670209248925e-09,29.986633264851392,29.986633286080817,IF,29.986633275466083
33,29.98636067850065,209330,5.519331386251593e-09,29.98636066768276,29.986360689318538,IF,29.98636067850061
34,29.986513058454477,209321,5.500338480108646e-09,29.986513047673814,29.98651306923514,IF,29.986513058454435
35,29.98710481249725,209308,5.348516104182515e-09,29.98710480201416,29.987104822980342,IF,29.987104812497197
36,29.98757723301551,209299,5.224387237428341e-09,29.987577222775712,29.98757724325531,IF,29.987577233015436
37,29.98776312302953,209292,5.178261457819715e-09,29.98776311288014,29.987763133178923,IF,29.9877631230295
38,29.987676792018412,209285,5.218149541055289e-09,29.98767678179084,29.987676802245986,IF,29.98767679201838
39,29.988020333877003,209276,5.1242207582337485e-09,29.98802032383353,29.988020343920475,IF,29.988020333876992
40,29.988239718018004,209268,5.067255678646046e-09,29.988239708086184,29.988239727949825,IF,29.988239718018
41,29.987584961092217,209267,5.278264673698533e-09,29.987584950746818,29.987584971437617,IF,29.987584961092214
42,29.987766099963398,209260,5.232439310701853e-09,29.98776608970782,29.987766110218978,IF,29.987766099963395
43,29.987813497023247,209254,5.2272791351434465e-09,29.987813486777778,29.987813507268715,IF,29.98781349702328
44,29.987846554399376,209248,5.221261611426636e-09,29.987846544165702,29.98784656463305,IF,29.987846554399404
45,29.988314346284398,209239,5.077907529424163e-09,29.988314336331698,29.988314356237098,IF,29.988314346284408
46,29.988514637186622,209232,5.014111255525107e-09,29.988514627358963,29.98851464701428,IF,29.98851463718664
47,29.988877407332396,209221,4.897268355249007e-09,29.98887739773375,29.988877416931043,IF,29.988877407332446
48,29.988819738017405,209216,4.914311758345477e-09,29.988819728385355,29.988819747649455,IF,29.988819738017426
49,29.988781188230885,209210,4.9323856777362754e-09,29.988781178563407,29.988781197898362,IF,29.988781188230895
50,29.988885980633626,209204,4.903629465270799e-09,29.988885971022512,29.98888599024474,IF,29.988885980633686
51,29.989005117745627,209198,4.8721847326689e-09,29.989005108196146,29.98900512729511,IF,29.989005117745638
52,29.989129043129008,209191,4.8378003217454576e-09,29.98912903364692,29.989129052611098,IF,29.98912904312902
53,29.989534918236505,209183,4.701605253330754e-09,29.98953490902136,29.98953492745165,IF,29.989534918236526
54,29.989687550034958,209176,4.653161247078814e-09,29.989687540914762,29.989687559155154,IF,29.98968755003494
55,29.989113763313973,209175,4.848997075535018e-09,29.98911375380994,29.98911377281801,IF,29.989113763313963
56,29.989940247107718,209162,4.561746334573478e-09,29.989940238166696,29.98994025604874,IF,29.98994024710772
57,29.989806129483085,209158,4.605003215402394e-09,29.989806120457278,29.989806138508893,IF,29.989806129483043
58,29.98996355968912,209152,4.548880889502559e-09,29.989963550773314,29.989963568604924,IF,29.98996355968908
59,29.989542653169238,209148,4.692900034625028e-09,29.989542643971156,29.98954266236732,IF,29.989542653169224
60,29.98896878625556,209145,4.890501744447958e-09,29.988968776670173,29.988968795840943,IF,29.988968786255523
61,29.988648216740767,209140,5.000068429739455e-09,29.98864820694063,29.988648226540903,IF,29.988648216740717
62,29.988719559004583,209133,4.974898033482607e-09,29.988719549253783,29.988719568755382,IF,29.988719559004526
63,29.988642729227717,209125,4.9953384785114075e-09,29.988642719436854,29.98864273901858,IF,29.988642729227653
64,29.988580240188508,209120,5.017145504130401e-09,29.988580230354902,29.988580250022114,IF,29.98858024018846
65,29.988522527290048,209115,5.040162523426434e-09,29.98852251741133,29.988522537168766,IF,29.98852252729
66,29.98904802492978,209106,4.875140841304342e-09,29.989048015374504,29.989048034485055,IF,29.98904802492971
67,29.988870812026434,209100,4.935965663903599e-09,29.98887080235194,29.988870821700928,IF,29.98887081202636
68,29.988817881417493,209094,4.952895160221526e-09,29.98881787170982,29.988817891125166,IF,29.988817881417386
69,29.988621530667935,209086,5.018049411156391e-09,29.98862152083256,29.98862154050331,IF,29.988621530667803
70,29.989280985262837,209076,4.8012976979091216e-09,29.989280975852292,29.989280994673383,IF,29.989280985262763
71,29.989385853742327,209070,4.760018915123479e-09,29.98938584441269,29.989385863071963,IF,29.98938585374224
72,29.989328143710615,209065,4.765747363155321e-09,29.98932813436975,29.98932815305148,IF,29.989328143710505
73,29.989829885693435,209055,4.5716262803114466e-09,29.989829876733047,29.989829894653823,IF,29.989829885693332
74,29.989776961838857,209050,4.566872463636199e-09,29.989776952887787,29.989776970789926,IF,29.989776961838754
75,29.989724032476705,209045,4.563377833249705e-09,29.989724023532485,29.989724041420924,IF,29.989724032476616
76,29.989393745530933,209040,4.6631015955349314e-09,29.989393736391253,29.989393754670612,IF,29.989393745530865
77,29.9894890621235,209033,4.617960736633913e-09,29.989489053072298,29.989489071174702,IF,29.989489062123454
78,29.988852683240317,209032,4.820796792747764e-09,29.988852673791556,29.98885269268908,IF,29.98885268324026
79,29.98876623777274,209027,4.838820637552091e-09,29.98876622828865,29.98876624725683,IF,29.988766237772708
80,29.9884024168658,209023,4.954559510913152e-09,29.98840240715486,29.988402426576737,IF,29.988402416865814
81,29.9883303109485,209018,4.981856359447122e-09,29.98833030118406,29.988330320712937,IF,29.988330310948488
82,29.98854037760734,209009,4.915835932425432e-09,29.988540367972302,29.988540387242377,IF,29.98854037760733
83,29.98787042990956,209004,5.127659179990695e-09,29.987870419859348,29.98787043995977,IF,29.98787042990959
84,29.988204861638344,208994,5.027053689908039e-09,29.98820485178532,29.98820487149137,IF,29.9882048616384
85,29.98854410173656,208986,4.916800549102536e-09,29.988544092099634,29.98854411137349,IF,29.988544101736604
86,29.988031945200476,208984,5.08219525278628e-09,29.988031935239373,29.988031955161578,IF,29.9880319452005
87,29.987648920007025,208979,5.208250011946782e-09,29.987648909798857,29.987648930215194,IF,29.987648920007047
88,29.98784466926684,208971,5.159691007287245e-09,29.987844659153843,29.987844679379833,IF,29.98784466926684
89,29.987609925294734,208962,5.24308759076715e-09,29.987609915018282,29.987609935571186,IF,29.98760992529471
90,29.987925300777047,208952,5.150367079299411e-09,29.987925290682327,29.987925310871766,IF,29.987925300777025
