rel_day,rmst_real,real_lower,real_upper,rmst_sim0,rmst_sim1,rmst_sim2,rmst_sim3,rmst_sim4,rmst_sim5,rmst_sim6,rmst_sim7,rmst_sim8,rmst_sim9,rmst_sim10,rmst_sim11,rmst_sim12,rmst_sim13,rmst_sim14,rmst_sim15,rmst_sim16,rmst_sim17,rmst_sim18,rmst_sim19,rmst_sim20,rmst_sim21,rmst_sim22,rmst_sim23,rmst_sim24,rmst_sim25,rmst_sim26,rmst_sim27,rmst_sim28,rmst_sim29,rmst_placebo,placebo_lower,placebo_upper,rmst_diff
-30,30.0,30.0,30.0,30.0,30.0,30.0,30.0,30.0,30.0,30.0,30.0,30.0,30.0,30.0,30.0,30.0,30.0,30.0,30.0,30.0,30.0,30.0,30.0,30.0,30.0,30.0,30.0,30.0,30.0,30.0,30.0,30.0,30.0,30.0,30.0,30.0,0.0
-29,29.999997277716606,29.999996087162764,29.999998468270448,30.0,30.0,30.0,30.0,30.0,30.0,30.0,30.0,30.0,30.0,30.0,30.0,30.0,30.0,30.0,30.0,30.0,30.0,30.0,30.0,30.0,30.0,30.0,30.0,30.0,30.0,30.0,30.0,30.0,30.0,30.0,30.0,30.0,-2.7222833942630587e-06
-28,29.999984244605002,29.999981096503383,29.999987392706622,29.999907326720663,29.99988642984521,29.99985218963358,29.99991131927589,29.999861525755072,29.999901155671594,29.99990076014047,29.999869738162207,29.999921412579546,29.99989465333126,29.999855393420905,29.999815763482093,29.9998904568031,29.99988691417384,29.999865997792313,29.99988468825582,29.999886312545787,29.99988895080753,29.999852472800146,29.999895759424593,29.999873501140005,29.999862979250388,29.999889622968926,29.999886174919084,29.999859883794368,29.999864201649242,29.999848564107232,29.999893242618,29.999892393236575,29.999870994179563,29.999879025949493,29.99983954393532,29.999914094934393,0.000105218655509276
-27,29.999960589264415,29.999953771116754,29.999967407412075,29.999676287613003,29.99967319195833,29.999578005696275,29.99969040756472,29.99959394779779,29.999664493457608,29.999733281832615,29.99963559748592,29.999716103416855,29.999679374211226,29.999599563652172,29.999508370024024,29.999674620510966,29.999619638787664,29.999647324745048,29.999659228546587,29.999647584046883,29.99965058930122,29.999565029934068,29.999635588000576,29.999660699968057,29.99959198321834,29.999646316453696,29.99962510845145,29.999585613237336,29.99960784388055,29.999555952308746,29.99967142239516,29.999614992752818,29.999597223592378,29.999633512828073,29.99954286718045,29.999720827481188,0.0003270764363421108
-26,29.999926230487837,29.999915804027093,29.99993665694858,29.99928732000192,29.999363660836497,29.999200892316082,29.999335318062293,29.999206295684502,29.999306647641607,29.999405949342478,29.999288366180043,29.999398194773626,29.999336312197048,29.999214156781843,29.999052938160087,29.999326600781156,29.999213960059503,29.99927634775642,29.999272590584454,29.99931318986638,29.999331266008813,29.999154626661863,29.99923167790396,29.999328898480634,29.999194454975108,29.999264729452594,29.999240896708763,29.999173562728515,29.99925913009196,29.99916060164968,29.999351542135347,29.999245538231268,29.99919937976025,29.999264501527158,29.999126662323874,29.99940032728006,0.0006617289606793975
-25,29.999877520373538,29.99986127033542,29.999893770411656,29.998793931582306,29.998930068635953,29.99871558352045,29.998838474378257,29.998733788784023,29.998802176902768,29.998961852849344,29.998837188354386,29.99892476105454,29.99885860513829,29.998746078998483,29.99846133697301,29.99883052924062,29.998648983091982,29.9987886693347,29.998750870213403,29.998873769693226,29.998882379267293,29.9985976144883,29.99875463834334,29.99887478253809,29.998681664019337,29.998785458823537,29.998761257268022,29.998656684122725,29.998806445661927,29.9986381353394,29.998889994671565,29.998738441384116,29.99868192414298,29.998774869627216,29.998560138171595,29.998938809294636,0.001102650746322098
-24,29.999815100770807,29.999794823658778,29.999835377882835,29.998247636044436,29.99835631232973,29.998104340623904,29.998205918744084,29.998120842664868,29.99814122649519,29.99840119298408,29.998269921958393,29.998323769189852,29.998249206908046,29.998151326887687,29.997755325019693,29.998215724412997,29.997980776468296,29.998237912370968,29.99807577750346,29.998294604980266,29.998308439060736,29.997942911724884,29.998176617584704,29.99831365297065,29.998045181344494,29.998201927636067,29.998177144920337,29.998010042363457,29.998236029342095,29.99803103274559,29.99836744705865,29.9981354585952,29.998072843470837,29.998171684813453,29.997891325380955,29.998376727188145,0.0016434159573535112
-23,29.99973517146209,29.99970972064875,29.999760622275428,29.99758211407866,29.997646839222938,29.997378611729275,29.997452908367602,29.997373934648518,29.99738348942282,29.9977044144212,29.99758665149344,29.99763740970051,29.997531664417778,29.99741493378926,29.99694227800053,29.99745717708382,29.997170358518208,29.99756067840631,29.99728753259283,29.99764055816675,29.99758864413266,29.997173195890777,29.99744306550293,29.997534876337248,29.99730991389359,29.997515422223103,29.99746001216694,29.997257482979148,29.997564040154757,29.99734622903526,29.997644316840923,29.9974285923953,29.997352407618266,29.997445658441045,29.997107636375848,29.99766267240246,0.002289513021043632
-22,29.9996360756229,29.99960376036477,29.999668390881027,29.99678839775548,29.99680514800583,29.996442510530613,29.99658537173635,29.99649579518597,29.99647932633806,29.996892371384323,29.99674436691259,29.996831968816466,29.996710323682564,29.996641927423205,29.995977294774264,29.996587270749423,29.996206568550708,29.996835129118566,29.99644697379784,29.99678566165548,29.996793781161273,29.99625542516717,29.996601874534324,29.996651064162954,29.99646551109164,29.996686478433894,29.996580927481492,29.99632628997564,29.996705447779416,29.99651127126436,29.996880876826726,29.99660906166476,29.996498515912542,29.996594097729133,29.996143518262187,29.996884037830064,0.0030419778937655906
-21,29.999515260460125,29.99947815457765,29.999552366342602,29.995897021178767,29.99586499581674,29.995469160557125,29.99555633328045,29.995508313092685,29.995443333277173,29.995905392974915,29.99579420046619,29.995915023909347,29.995785040483085,29.99566378237733,29.994926888104523,29.995586304795726,29.995157925159667,29.995906975883845,29.995446774437102,29.995863017052432,29.995878559300547,29.995264390696782,29.99562221321227,29.995628637722948,29.995488922258872,29.995781274391604,29.995594055318005,29.995268930912328,29.995785234669402,29.995555991642025,29.995914615004633,29.99570666341274,29.995510704914885,29.995623022543466,29.995094389969502,29.995914727453428,0.003892237916659269
-20,29.99937894663152,29.99933475977988,29.99942313348316,29.994830893003442,29.99477890997726,29.99430010764109,29.99438697699398,29.994384646457924,29.994310846454113,29.994845570736544,29.994693374109023,29.99485159457482,29.994726687429743,29.994589452608647,29.993739188993338,29.99445664783342,29.994012953684237,29.99497103644831,29.994365174636005,29.99478200960549,29.994801751495967,29.99410314060574,29.994545308694118,29.99445330785396,29.994409365167012,29.994723067098548,29.994511866284842,29.99405566276332,29.99460994073846,29.99451747783097,29.9949088811161,29.99466813289782,29.9944195264137,29.9945251166716,29.99393766839424,29.99492597383246,0.0048538299599201196
-19,29.99921229132016,29.999162034637934,29.999262548002385,29.99366717910419,29.993573150744115,29.99304285164247,29.993138876786723,29.99315889489901,29.993075498791985,29.993685367688087,29.993475060002798,29.993719418478904,29.99358630000864,29.993427527472292,29.992344662224436,29.993233620790797,29.992709209088716,29.99393659830901,29.993130905575107,29.99356981466049,29.993652430322168,29.992908704630665,29.993314994548577,29.993147454040344,29.99320959211634,29.993572282733016,29.99332286355267,29.992810723647853,29.993381989850864,29.993340368138185,29.993741078182364,29.993464156514808,29.993177892144505,29.993317315556336,29.992608958701037,29.99379484621719,0.00589497576382314
-18,29.999033679163876,29.99897513641087,29.999092221916882,29.9922885342661,29.99218464205225,29.991506490135933,29.991714665862425,29.9917836846652,29.991706609662398,29.9924028172989,29.992135266054017,29.992298426922748,29.992272204145525,29.99213443913241,29.990944171544264,29.99185392365386,29.991288719474955,29.992758823851837,29.991799356601575,29.992291055295052,29.99239742506769,29.9915442629195,29.99205699539778,29.99170545082144,29.991860704475076,29.992247970106472,29.99201823559275,29.99138420453649,29.991973873620488,29.99200207667556,29.992468370684605,29.992169431179803,29.991835915877417,29.99196762491916,29.991193968794015,29.992548245305596,0.007066054244717179
-17,29.998826258029204,29.998758592137353,29.998893923921056,29.990823481064023,29.99068687316951,29.98994789748882,29.990252389448766,29.990245884651117,29.99015476892742,29.99099960929449,29.990746245967397,29.99083246258594,29.990806977322368,29.99061116695003,29.989253061689922,29.990294885322413,29.989679846231944,29.991401614524154,29.99031722411118,29.990804748063915,29.990988762599105,29.990085270851573,29.990561975465436,29.990108017454258,29.99039345639466,29.990895989260135,29.99058223737977,29.98978519722443,29.990466281232752,29.990574341329037,29.991029139120457,29.990715282961926,29.990374256874063,29.990480644832033,29.98956248048289,29.991131569856474,0.00834561319717153
-16,29.998597332209464,29.998524450865492,29.998670213553435,29.989271532221384,29.989091751472557,29.988298313956438,29.988630699789454,29.988616476017864,29.988486781343198,29.98945693955042,29.989225067007016,29.989300671100917,29.989314155989366,29.98910111565634,29.987551851601886,29.98876411873317,29.98812080005076,29.989989850314622,29.98879543426695,29.989229667878043,29.989463767759027,29.988426249335436,29.98904498877816,29.988398900173113,29.988746904932874,29.989312215165715,29.988980012845882,29.98818225127251,29.988828897895484,29.989150926780475,29.989557977326935,29.989243678209785,29.988815929398516,29.98891326422747,29.987964339227318,29.98967674239855,0.009684067981993394
-15,29.998335222695022,29.998249765911236,29.99842067947881,29.98758098384341,29.987304560813147,29.986440087225855,29.986841258079984,29.98696041060469,29.98684866906498,29.98783076324403,29.987671044470662,29.987635517013853,29.98779578836346,29.987355849145267,29.985840671395163,29.987080747807873,29.986337704029804,29.988396267357796,29.987089654280293,29.987543438588535,29.987865497473365,29.98678681042813,29.987506112636936,29.986567693204353,29.987142995220324,29.987673250474085,29.98739568341484,29.986493127895372,29.98708591545524,29.987421039946614,29.98794269316886,29.987584207752157,29.98702052564045,29.987234632267995,29.98620102005528,29.988067426070817,0.011100590427027157
-14,29.99804496078764,29.997936911816137,29.998153009759147,29.98570410415318,29.98556611677638,29.9846229248503,29.985040379645433,29.985052116841853,29.98500876323657,29.986052254033613,29.98586996542325,29.985718166178522,29.98595115111851,29.985540132591133,29.98381519923006,29.985258809842804,29.984364292572973,29.98673393123283,29.98524842237199,29.985786071081325,29.98599564678692,29.9849149841875,29.98564006141645,29.984627978505717,29.985334536584922,29.986047075841725,29.98549367344738,29.984556062454832,29.98520676585404,29.985670918180414,29.986132676843965,29.985799700118502,29.985213660674212,29.98539888473591,29.98421329190367,29.986298021800902,0.012646076051730404
-13,29.99773743877045,29.997633323339542,29.997841554201358,29.983658995085463,29.98355006484934,29.982634044554434,29.983000256041336,29.983199736229896,29.98304897024494,29.984061901356636,29.983953375784914,29.983837621552848,29.984148420152476,29.9834999840742,29.981722092564524,29.98327131383851,29.982357869870054,29.984817481648655,29.983241476945246,29.98375747071792,29.984168183699147,29.98287209410506,29.98375017746562,29.98270890619239,29.98339163630472,29.984144287269338,29.98364608076916,29.982470787166942,29.983141932917576,29.983790835633464,29.984233893222868,29.983871603350817,29.983171054889052,29.98343741828325,29.982183031111035,29.98439438003996,0.014300020487201692
-12,29.99739861489327,29.997272506160378,29.997524723626164,29.981700782077194,29.98157942326253,29.980539074046913,29.980786507789503,29.981135961676337,29.981033259277556,29.982007306240558,29.981915061930092,29.981666442352786,29.982165318528303,29.98144975768706,29.979544425118657,29.981148102704136,29.98031648409473,29.9828351915392,29.98108644236706,29.981677011153874,29.98218680792556,29.98089149828639,29.981733048960482,29.980589975683632,29.981484567025326,29.982204333220057,29.98171144913968,29.98051461116076,29.98104449893571,29.981802274650498,29.982289813262547,29.98182633756821,29.981103948035464,29.981398990523356,29.98010416787631,29.982439792288627,0.015999624369914756
-11,29.997029115512376,29.996891851104685,29.997166379920067,29.97954800239276,29.979401631730017,29.978256075513432,29.97860287946455,29.97882212867521,29.978928163819127,29.97989725922871,29.979765689212417,29.979414085098476,29.980045009833812,29.97928222184734,29.97728891562907,29.9788667455341,29.97810337610774,29.98079811081248,29.978931379020917,29.97959346266028,29.980054803427084,29.978846746873593,29.979697623191434,29.978327983803794,29.97917427865518,29.980220629317664,29.979623159816033,29.97826988329386,29.978761108659093,29.979532474551426,29.98012692980433,29.979845992898966,29.978906716717646,29.979231115586348,29.977879399476105,29.98037943672874,0.01779799992602804
-10,29.99663138107415,29.99649054225148,29.99677221989682,29.97721470933663,29.977099195519912,29.976007953106578,29.976219005882896,29.97657835271177,29.976641120299707,29.977554557596704,29.977615411660153,29.97707501153192,29.977915371681433,29.97691080307939,29.974799650123853,29.97657319053591,29.975739851682906,29.97844188151555,29.976632365108525,29.977192586919422,29.977765743157203,29.97654004749739,29.97752112816539,29.975953435777484,29.976874854463894,29.977988272782834,29.977415437525195,29.976049242935055,29.976479465755855,29.97729491821175,29.978035730973,29.977526939000747,29.976544818545044,29.976940035102796,29.975481296254166,29.978147422372203,0.019691345971352803
-9,29.996205521914998,29.99604528430322,29.996365759526775,29.974861149845335,29.974840809614932,29.973483567550186,29.973702851232616,29.97414541046611,29.974197361026217,29.97530982658237,29.975171715256995,29.974720164878914,29.975682442755243,29.97442300872904,29.97218154176285,29.974232106558436,29.973365207539338,29.97604016307648,29.97431049672224,29.974770120981557,29.975332307831213,29.974203525602626,29.975084360784248,29.973553606001314,29.974462201113887,29.97587315985203,29.974803914651034,29.973647712840137,29.973988692697368,29.97486678859009,29.97556069329129,29.975250079984065,29.973988730944576,29.974535123958766,29.973039699450805,29.975919085738752,0.021670397956231824
-8,29.99574399487916,29.995567858833443,29.995920130924876,29.972372226621598,29.972430999113374,29.971076145621954,29.97128729904749,29.971836931394936,29.971664425711808,29.972890715751934,29.972801069566035,29.9722039690378,29.97323281173114,29.972083459966452,29.969672351580947,29.971611122870982,29.970854743442796,29.973504391483743,29.971813781737655,29.972251310160186,29.973013699492572,29.9716638103838,29.97288196714298,29.971034947504705,29.972085971396222,29.973383042248145,29.972310310721962,29.971216762842147,29.971345703906312,29.972487238557818,29.972960096891075,29.97292640613141,29.971447547837446,29.972078175329905,29.970529585680787,29.973416413287936,0.023665819549254508
-7,29.9952498764962,29.99507005440343,29.995429698588968,29.969568667583363,29.969711110349085,29.968313015360547,29.968646424308655,29.96913075019844,29.969108017677463,29.970247512791637,29.970303581767407,29.96959561546695,29.970721699473835,29.969313294762777,29.9666668173342,29.96878394968438,29.96818348953522,29.970924489803657,29.969189962993052,29.969660154522376,29.97034666660015,29.96923723375276,29.97020853461962,29.96833504416089,29.96941691345915,29.970766303256532,29.96966587438613,29.968438528222656,29.96871931142557,29.97003786439458,29.970394584534244,29.970353169475857,29.968796591884136,29.969426172459514,29.967766404679942,29.970809804556993,0.02582370403668577
-6,29.994723952862806,29.994527201787307,29.994920703938305,29.96692321960607,29.96716874906176,29.965537260288837,29.96621963060182,29.96659596375796,29.966284268637803,29.967692419814824,29.967596165870347,29.966859773611585,29.968127741352244,29.96664568206063,29.963881587864222,29.965944250563272,29.96558924760884,29.968163538788826,29.966527213784673,29.96689047651585,29.96766843753423,29.96683466107203,29.96749808967854,29.965436511551562,29.966587893487244,29.968162117019045,29.96692803143954,29.965726417907295,29.96604601175176,29.967045353000806,29.967735248727223,29.96784698955904,29.96593226233119,29.966736507161638,29.965008907537545,29.968162508005733,0.027987445701167957
-5,29.994160011534454,29.993926432842244,29.994393590226665,29.963852683438976,29.964451025731034,29.962655664277722,29.963044217306294,29.963688400947667,29.96342862810691,29.96477103423481,29.964887633821647,29.964069090157377,29.96525707509176,29.963493548233377,29.96083927496836,29.96317513000247,29.96269576737374,29.96532518469538,29.963705771284257,29.96388007454647,29.9646529057584,29.963957597805262,29.964805202100973,29.962405431946177,29.96361691042927,29.96537729817976,29.964050346828426,29.962850287261585,29.962973633415295,29.964442888278846,29.96475412304147,29.964867634228092,29.96293036468196,29.96383016093913,29.96197473877728,29.965339515903587,0.03032985059532578
-4,29.993584002170017,29.993365796440713,29.99380220789932,29.96100442068431,29.96164406411277,29.959637063229444,29.96030620404102,29.96089963679598,29.960509483707302,29.96196589229931,29.96197026284896,29.960899598754914,29.962339318296156,29.960638048738158,29.957592445398458,29.96006035084414,29.9597378089727,29.962524551722183,29.960887012441898,29.96100804987392,29.96177550084317,29.961153329946402,29.961974538533397,29.959329188730916,29.960774284132178,29.962435881384796,29.960967417260157,29.95987683090209,29.960053464509002,29.96141769581952,29.961842884567158,29.96191656005609,29.960132135002034,29.960909130814947,29.95885158431449,29.96246026572758,0.03267487135506997
-3,29.992982920427092,29.99273462652809,29.993231214326094,29.957889168679273,29.958640226125354,29.9561772162512,29.957117234692372,29.95787816942963,29.95739190346063,29.958916249393557,29.958822946434967,29.957881435782042,29.959354736674175,29.957392614233115,29.954239702352226,29.95716634826629,29.956583832848033,29.9593532904942,29.957599898404236,29.9575985473203,29.958555786239923,29.958097625951257,29.958927984627664,29.956092573229967,29.957621835108426,29.959495557529504,29.957857986451113,29.956463032113778,29.956913274465588,29.958306488457207,29.95884465816843,29.95883015774676,29.95685979259296,29.957762342450806,29.955583033738588,29.95939346240939,0.035220577976286194
-2,29.992346238760454,29.99209935497256,29.99259312254835,29.954848426476133,29.955605164787006,29.953180660567124,29.954068766040933,29.95471468303463,29.954148509174356,29.955817301192685,29.955756395105116,29.95487774896014,29.95637298642757,29.954444461347485,29.951170887106727,29.954025838400113,29.953668863224703,29.956190324436964,29.95451884713656,29.95447192158481,29.955312861563616,29.955171827884538,29.955984440886336,29.952935354874388,29.954634386557537,29.956280723302935,29.954796929653725,29.95366245804498,29.95351803928211,29.95523786668049,29.95565794720713,29.955725824851864,29.953928477246524,29.954690964101314,29.952450126238283,29.95630609566221,0.03765527465914076
-1,29.991682221504973,29.991409362485925,29.991955080524022,29.951484629534644,29.95254756637895,29.950006755099565,29.950877142555008,29.951619731663637,29.95099248930248,29.952426388664826,29.952525653477934,29.951778126066788,29.953156244809108,29.951260404753302,29.94764830275069,29.95069677165678,29.95024608065537,29.952675686020186,29.951609926651315,29.951017591062953,29.951998532137488,29.952008148074977,29.95272777252349,29.949431503197786,29.951183192283782,29.95297306592888,29.951606699700957,29.95028320063938,29.95042850815788,29.9517368087822,29.952290879294438,29.95232796179548,29.950579172463065,29.951404831202783,29.948941123074835,29.953023440120944,0.04027739030219024
0,29.991071492847052,29.990770120192842,29.991372865501262,29.94802907334423,29.949154763196937,29.94644073520045,29.947266577988024,29.94807074327413,29.947447339980428,29.94906498151317,29.94906726835831,29.948071830952884,29.94974722720143,29.9478502467516,29.94422377894042,29.947206657828236,29.947088041453185,29.949200558009245,29.947989339593516,29.947623536536934,29.948358935455737,29.94890423020861,29.94926600175948,29.946050686531695,29.94778868140198,29.949415322773213,29.947802049279762,29.94689743279249,29.946685012376996,29.94838088447067,29.948747969064225,29.948908554760425,29.947011249732743,29.947925323691045,29.945548286944096,29.949506596490973,0.043146169156006664
1,29.990673038132908,29.9903558951167,29.990990181149115,29.947251682489988,29.949075625928415,29.947203936147666,29.94656650776389,29.948895619730077,29.946986423725697,29.94875772689848,29.94956472889759,29.946999682522655,29.949445126149477,29.948598676470397,29.9459286438218,29.946917929343634,29.946831554527368,29.949751749355208,29.94808634743781,29.94733283389396,29.94832573558529,29.94953876939385,29.949109940731553,29.946228310118197,29.948632231083387,29.94932082244229,29.947593345514882,29.947498518657618,29.94714225986292,29.949432886361816,29.948500711855377,29.94859237429332,29.94761116479289,29.94805739552658,29.946145901886688,29.949616159523437,0.04261564260632866
2,29.99023562433198,29.98993055053546,29.990540698128502,29.947867418392356,29.94890740076308,29.947556791564033,29.947001252187498,29.94957847600282,29.947716883877074,29.947120803410918,29.94900247566345,29.94725113888716,29.949194417376106,29.948485902216227,29.94623312327191,29.946723628005056,29.94832531376774,29.948960232686815,29.94819768399387,29.94742445541111,29.948560523486346,29.950546835435233,29.950553684852718,29.944960503368875,29.94918813348524,29.949699156688535,29.94854908375038,29.948207188668167,29.947330780110192,29.95018462460668,29.948422145039416,29.950122351915095,29.948362544188214,29.948341165102413,29.945883152798576,29.95054871902504,0.04189445922956736
3,29.98982808190222,29.98952262221338,29.990133541591064,29.949208836686886,29.948341523461355,29.947354628871132,29.947757091309164,29.94940926428338,29.947723551664627,29.948367244940723,29.94907700514291,29.94703262877493,29.949622796564544,29.949012713575346,29.946874234498523,29.94717827046081,29.948866182630972,29.949891227070633,29.949433302871803,29.946942924360687,29.947772534209914,29.95109476535426,29.95178416117788,29.944832967909466,29.949469015111674,29.95029288611992,29.948735160092145,29.948400791201045,29.946205371253722,29.95008509491451,29.94796283938298,29.949433611068027,29.94870378932234,29.94856221380955,29.94582796033405,29.951284349205753,0.04126586809267252
4,29.989448796848787,29.989139364916838,29.989758228780737,29.948082738273662,29.948692764497984,29.94659634453538,29.948439555077638,29.948706861250194,29.94881533283003,29.948738321114796,29.949222898394734,29.948072861848456,29.9498305146515,29.948323957099426,29.946633944441782,29.948065401211327,29.949767656737723,29.949367200754278,29.950578583764486,29.946703150239532,29.947655339034082,29.95197173204045,29.950389935844207,29.94474645547628,29.949247565243542,29.95024153283785,29.94807071959469,29.947892673078822,29.946291236801176,29.94988158149954,29.948353391701446,29.950229249338868,29.948399756036295,29.948600308508343,29.94586642193683,29.950961699540375,0.04084848834044408
5,29.989112678035053,29.98880064770421,29.989424708365895,29.947398459656526,29.949873491191447,29.947212786028917,29.94866216587831,29.94969867060212,29.949628052232704,29.948964086241872,29.948416022322476,29.948017957491246,29.95019626698972,29.948245104935836,29.94717326143355,29.947804964404774,29.950468994269418,29.948854456012057,29.951190660976064,29.947157201870564,29.948824243386262,29.95170688123792,29.95061392638999,29.94498438981973,29.94965627383183,29.949716809274634,29.948055804240727,29.948493380843793,29.945985215480555,29.948955812122797,29.947379111846065,29.950002223848752,29.94857627753381,29.94873043174648,29.94570998842383,29.951332621548076,0.04038224628857279
6,29.988846055070734,29.98850538421998,29.98918672592149,29.94670880558561,29.95023006794474,29.947920604985192,29.94981676261563,29.95050582227045,29.949926602257293,29.949512253678222,29.949072494523733,29.947511712678388,29.949887353323774,29.94834653649694,29.947411400752667,29.94926760342352,29.951064344476446,29.94821966440206,29.95120465587527,29.94671962007418,29.94802409017592,29.952163836669776,29.950920040953125,29.946999828286142,29.94956323079555,29.949360046435007,29.948189447229925,29.949109271612457,29.94577704441448,29.948959219022896,29.948252753033497,29.948595356378107,29.948256899066582,29.94891657898125,29.94645257126355,29.95146843059376,0.03992947608948327
7,29.988557930525232,29.988229820124037,29.988886040926428,29.946385927972575,29.950750527397606,29.94911785747372,29.950036261187112,29.95101561519298,29.950984398974434,29.949773385105928,29.949502961862727,29.94760705122016,29.950038213324067,29.947922971674778,29.947735385518534,29.948673292242912,29.9518979918843,29.94715925741534,29.950795652485,29.94724614785208,29.94881532732617,29.952205654897273,29.951587918697697,29.946778829279076,29.949279074433786,29.94921823299918,29.94875905376964,29.949917458955916,29.94712155066507,29.948983555150267,29.948337021152838,29.94837515907488,29.948275735456033,29.949143249021404,29.946670781419787,29.95198259921287,0.03941468150382832
8,29.988368864647793,29.988038435771614,29.988699293523972,29.947046616115536,29.950634970771983,29.94872962317871,29.95136004768883,29.95100112828216,29.95131015703521,29.94947941294288,29.950213942153113,29.94751834356557,29.950185016741003,29.947920334557967,29.947876188285154,29.949654033982814,29.952125248901545,29.947709405823105,29.95099063681447,29.9478253490479,29.949023162955637,29.952651701777814,29.95212458539745,29.94743430521438,29.949631460649652,29.949441769367635,29.94914368087872,29.95129226605944,29.947535433707706,29.94938270032521,29.94831387812785,29.94886143085819,29.94926570744093,29.94952275128828,29.947327690712196,29.95227002344252,0.03884611335951149
9,29.98810230538425,29.987759950545332,29.988444660223166,29.94829287477784,29.95178964693507,29.949718252760018,29.950668874801753,29.951018824849665,29.951078340135222,29.95072292038712,29.95096085473535,29.9483191060017,29.949903079197345,29.94827655963916,29.94906673469401,29.9487746665077,29.951676059108358,29.946662721285573,29.951334673746853,29.948353822873916,29.94943689960586,29.95267892310881,29.952683799917466,29.94893187046501,29.949899239131984,29.950035147296973,29.948482180005357,29.950754273121152,29.94883435854322,29.948713287598512,29.948589490124498,29.948580823087912,29.948740869826167,29.94976597247565,29.947832754091923,29.95268026423119,0.0383363329085995
10,29.9879769321192,29.987632600336493,29.988321263901906,29.94877235162288,29.95314426339281,29.951234296277363,29.95149446885612,29.951417629515163,29.951635940346005,29.94978540605754,29.950668111657592,29.94935012985692,29.949875155269535,29.948455102612353,29.9497410346446,29.949717821495955,29.95341267128417,29.946037636686974,29.95199109240856,29.94879225440192,29.948301930795928,29.953332495398996,29.953654645159563,29.949294370099796,29.950305136361433,29.950296081596267,29.949319122195746,29.951110651631268,29.949050102099136,29.947941088190753,29.948100759013364,29.950138946427572,29.949622165305943,29.950199762022077,29.947417639027215,29.953479214099904,0.03777717009712234
11,29.98779103955736,29.98745953455356,29.98812254456116,29.9484462040292,29.95409031980991,29.953238993803176,29.9513942301654,29.952457136940442,29.95138111145675,29.95013020043687,29.95080656846072,29.94953740618789,29.950002537195967,29.94829557967018,29.949906257287125,29.949460636442414,29.953195770570055,29.94552175183356,29.951156968414622,29.948633534084596,29.94775917599752,29.95336548628243,29.952049129227472,29.949644167928035,29.94991760373004,29.949877029030443,29.94883766307082,29.951604765154055,29.94994236725408,29.94890750465509,29.948969298228263,29.949776363309503,29.94994435119493,29.95027500372838,29.94714388435243,29.953564815502485,0.03751603582898255
12,29.987669916520098,29.987302585232303,29.988037247807892,29.949969775699596,29.95452542584513,29.953223493138605,29.951546994411384,29.95353168777,29.952343828525404,29.95015544164586,29.949723919241315,29.95052100541274,29.95039187758259,29.94984952571621,29.94979640055631,29.94982451299807,29.953985309185367,29.94624972086837,29.95181173168517,29.94921226967379,29.948552064147236,29.953475203251177,29.952705427695424,29.95135781657067,29.951049597939697,29.94980892214406,29.949040257789147,29.95178229110735,29.94994721317464,29.94905638068949,29.948459934118922,29.949247630416878,29.949807628274563,29.950698442909168,29.94785212547502,29.954133841266803,0.03697147361092945
13,29.98759304456072,29.98720487840633,29.987981210715112,29.950485292094285,29.95461692375367,29.95209166795544,29.952199192899915,29.953863770273056,29.952131457303256,29.951208220120687,29.949654666411163,29.94976356460497,29.949496171102055,29.9496547960973,29.950084407407793,29.94970675122992,29.953801457606552,29.946715297075073,29.95256173204107,29.94983335641333,29.949231237377074,29.95391929337992,29.952893556590787,29.951256118121563,29.95103228665408,29.950184919252614,29.949504316975073,29.95167259403223,29.950480012172264,29.94883762123775,29.94899936288914,29.948720169029535,29.950677672877635,29.950842596165977,29.948168829242057,29.9541111417327,0.03675044839474495
14,29.98756216637446,29.98715759456484,29.987966738184078,29.9512646808163,29.954335578793373,29.952313972828104,29.953262242717052,29.95314407976531,29.952672265467136,29.95145200437507,29.949094335005853,29.95101932038951,29.94994928962134,29.951405342457242,29.950646292082364,29.949924101444378,29.953904903053225,29.947371673162827,29.953252268588148,29.949402447086694,29.950360002750784,29.954281455890147,29.953534513933544,29.951881623494252,29.951768307545105,29.950551108065707,29.949046372333445,29.95212195565151,29.95104371346496,29.949860941359184,29.94922302787282,29.949383274654537,29.952071287034038,29.951318079390127,29.948585830061525,29.954296339688533,0.03624408698433257
15,29.987503067929236,29.98712144437709,29.98788469148138,29.95133994369627,29.954521535383325,29.951536758266606,29.954267612221823,29.953966921421312,29.952354352556636,29.952332179754947,29.950150564929356,29.951287374389963,29.949712369818215,29.95168451612921,29.951240544232473,29.949955649570907,29.954642687275747,29.948348233638644,29.95457402366249,29.949990614745378,29.95076193319432,29.955570843383974,29.9538467334414,29.949940425463186,29.95148117902217,29.951203276982554,29.949175261732332,29.9512041966101,29.951834541830408,29.950405366503578,29.950040184619976,29.949814336074027,29.95246353649144,29.951654923234756,29.948947829006567,29.954897930205508,0.035848144694480055
16,29.98741985269059,29.987064968413172,29.987774736968007,29.95092551131487,29.954678584911242,29.95160174724357,29.954318680905182,29.95402878062762,29.952422956025853,29.95229808467152,29.95065176930492,29.952431359372447,29.94990048699826,29.952642841711757,29.95144638244755,29.9513003379509,29.95427707616282,29.94878465800063,29.955724356015313,29.950898544828632,29.95063579378843,29.955784129763966,29.9535924352567,29.94926172047949,29.95149479421924,29.950986931466147,29.94944417202058,29.951328312479806,29.951518307160683,29.94991108872764,29.950070123380506,29.950081400144033,29.952300465628614,29.95182472776697,29.949130528297804,29.955740793796192,0.0355951249236206
17,29.987337429976076,29.986979586904027,29.987695273048125,29.95233318075015,29.954570413830332,29.952196120048413,29.955084484414957,29.953625049865046,29.95200961106603,29.9527986289883,29.951088528608114,29.95332925332807,29.950711479606206,29.952710587761025,29.951740011023855,29.952092854596273,29.954245632616416,29.950248366164498,29.95528457103409,29.951145825944494,29.95002090345872,29.955360889819314,29.955230950283305,29.949931995518728,29.952540306650178,29.949932716044145,29.949496843519057,29.95175463923464,29.95239117830075,29.951126480349387,29.94960337572532,29.9492839031939,29.953695669819243,29.95218614838543,29.949438284929638,29.955305558700026,0.03515128159064673
18,29.987266570464367,29.986897867136342,29.987635273792392,29.95192825340354,29.9545334356696,29.953018235218877,29.95471545525223,29.95406244532204,29.953046799443328,29.953594206373122,29.95174124293039,29.953488029385746,29.95036462190101,29.953238576137544,29.952193046215477,29.952391378142373,29.954110767199868,29.95120522297307,29.953743542508732,29.951366390953034,29.95008854048055,29.955270082012465,29.954289096454463,29.949996124029877,29.953618431402464,29.949790730234515,29.95008703332008,29.95177891517309,29.952466240497984,29.95120518484715,29.950106856955724,29.950017516957136,29.954461824856043,29.952397274208383,29.94993964073615,29.954867977611293,0.034869296255983784
19,29.9874425818535,29.98708220991802,29.98780295378898,29.952567335532343,29.954926474528577,29.953126122041297,29.955528793960813,29.95444990637899,29.95292642269749,29.953188091234733,29.95198871958141,29.952854082592456,29.95028057816635,29.952936996689285,29.95273446665726,29.952505205343357,29.954508675839442,29.952384205139655,29.95568994573329,29.951590330172692,29.95080558459594,29.954141559377465,29.95523569999176,29.950815048160198,29.953209950767015,29.949919880303035,29.95031989962305,29.951276881539368,29.952182323591963,29.950130809756786,29.95078040278586,29.94887130581284,29.955115115383027,29.952566360465923,29.94963152231823,29.955573110698243,0.03487622138757729
20,29.987489459579045,29.98709903181023,29.98787988734786,29.95203262999005,29.955528985126822,29.953346224461033,29.954714367138912,29.95417576228301,29.953379133817652,29.95218865984684,29.951726989492325,29.953121962879074,29.950599785812894,29.954235478939676,29.953125339162845,29.952564661345175,29.95417682852316,29.95236510129748,29.954137226470557,29.951985463746592,29.9505547891195,29.95419609900516,29.955167337586985,29.951151095722587,29.953473671135168,29.949496997530428,29.95134416994583,29.950680121521472,29.95261549326123,29.95052874891554,29.951097897747506,29.94864910137209,29.955775057564775,29.952604506025413,29.949263826086884,29.95559665504726,0.034884953553632414
21,29.987582105990963,29.987225003353288,29.98793920862864,29.952766416131976,29.95495762917727,29.953320374882242,29.953589894718778,29.953540976197644,29.95259329355899,29.95208479060053,29.951034381730775,29.953143231530856,29.950787313054345,29.954699194824972,29.953775945718288,29.95347769739644,29.954106337022196,29.95229974285702,29.955292239431408,29.951433110927105,29.95131108043542,29.953491190998466,29.954880811359022,29.95152884026902,29.953998985284112,29.951111423583217,29.95150189872177,29.95155425268693,29.95351785158547,29.9513635633528,29.950509108382345,29.94890400898666,29.956305509280366,29.952762703156214,29.950067706048532,29.955570888639873,0.03481940283474927
22,29.987778754951137,29.987404494122497,29.988153015779776,29.953276537732805,29.953573645282972,29.952767284609155,29.952542233691894,29.952841952865903,29.953280904158206,29.95164632264764,29.951744748001637,29.952448147707923,29.949798529460203,29.95477936378857,29.954300033000024,29.953174650716566,29.95405869322832,29.952873121129837,29.95531285886506,29.951694457263937,29.951949130499766,29.95304551153171,29.9556556976269,29.95201985955101,29.95394163333265,29.9514554064993,29.95233176049222,29.950853896498113,29.952095330385898,29.951298371839414,29.95047584757671,29.94834397621074,29.95553922260246,29.95263730429325,29.9493985273166,29.955571253234183,0.03514145065788554
23,29.987927176105938,29.98756131145646,29.988293040755416,29.95370081583443,29.953267330672535,29.95296116276115,29.953623734926115,29.952899465208727,29.95438198637438,29.951959178605804,29.95201831353274,29.95277340311175,29.95099497338037,29.954926383267285,29.955447568539167,29.951759895740924,29.954032626252943,29.9532641870072,29.954765266066957,29.952594691450784,29.951775257268626,29.953177600959613,29.956241056004195,29.951901213022914,29.95368499379591,29.952055201614712,29.95234515844076,29.95113278402355,29.95295139642287,29.951284902960335,29.95184184462083,29.948806471402975,29.955563610468598,29.95293774912464,29.950393135336586,29.95574990799089,0.03498942698129781
24,29.987978865495347,29.987619908833373,29.98833782215732,29.95340101711365,29.953640929652114,29.954429212623285,29.953764466169734,29.952260623219644,29.95490146715542,29.953716104868768,29.952601389704846,29.953716815290694,29.95055822904742,29.954737146679474,29.955929081499544,29.95241220299403,29.95284647633466,29.953545458825236,29.95517852117897,29.952782211158798,29.953615103125752,29.9541707596154,29.95574244486296,29.95322183585741,29.95359707318691,29.952144625999274,29.95167574103087,29.951589859867696,29.953120716411856,29.951041633190652,29.95197174666949,29.950653429181312,29.95552532084402,29.95328305477867,29.950627249144492,29.95579376993802,0.034695810716677045
25,29.987916385401792,29.987558753211857,29.988274017591728,29.953647325756688,29.953013898153017,29.954658410880718,29.954325388463914,29.951959482573468,29.95466633766926,29.954150936408006,29.952984501510922,29.95390023394426,29.951084584961595,29.95415695468921,29.95620750796553,29.952302269091973,29.952671314221917,29.953498362897758,29.95558355249903,29.95417763993902,29.953783480863294,29.95362086502087,29.95548722600346,29.953730671023962,29.953733624692426,29.953160631812224,29.95236719743467,29.951319873522262,29.95231882466526,29.95233023644368,29.952541108611495,29.95102850045467,29.955540656132236,29.95346505327689,29.95106916172219,29.955755140252318,0.03445133212490248
26,29.987892118684012,29.987539444791633,29.988244792576392,29.953789907477912,29.954033335553223,29.954759200255758,29.95505890227915,29.953146913323955,29.955117374338613,29.953768518195176,29.953249993900688,29.953894754942244,29.951512066652946,29.95443366823451,29.95569852325743,29.952687826013705,29.952952612037613,29.953696394816532,29.954194131692923,29.955243131394976,29.95452092779412,29.953661010534525,29.95585421459861,29.953952880482884,29.954309440737575,29.95414193751752,29.95237285630091,29.95179088964126,29.952902681073866,29.952896807174596,29.95221932242163,29.951552508568323,29.955716313636263,29.953770968161653,29.951541387041594,29.955754236400907,0.034121150522359756
27,29.98783201671705,29.987479321470143,29.988184711963957,29.953224950284802,29.953503326380822,29.95480078892581,29.95606428676794,29.952333999755357,29.956249835556005,29.954029697099415,29.953534897900603,29.954469106782696,29.951693233485276,29.954198125322158,29.95625120916763,29.952198891972134,29.95295545161611,29.954175196503808,29.95490143797452,29.955078241131208,29.95428052218678,29.95424440061277,29.956143384701893,29.953097826185566,29.954346845138794,29.955333224899697,29.953537411758262,29.951899426332627,29.953766899787578,29.952881419948227,29.952854031795844,29.95336712147473,29.956095316316066,29.954050350258832,29.951842723299606,29.9562502132992,0.033781666458217785
28,29.987801330958586,29.98746365648528,29.988139005431893,29.954010436320242,29.952623984454465,29.954084114536187,29.955503617606773,29.952274832307292,29.955807156714947,29.954366116356983,29.95420258176023,29.953832918681286,29.95298516951316,29.953603204172754,29.95577600739347,29.952282338858687,29.953135078585365,29.954899864728336,29.954422353365427,29.95460609769991,29.953401411574244,29.954966806167068,29.956230368277986,29.95346856982388,29.95427779125359,29.95667020303115,29.95485957786184,29.9523441388444,29.954405883679136,29.95381152428678,29.95290612583555,29.953842875253333,29.955451176532872,29.954168410849245,29.952280274557054,29.956351322835104,0.0336329201093406
29,29.987881897898824,29.987517217174688,29.98824657862296,29.95520534178575,29.95249729554671,29.953745039437145,29.955440431902915,29.95223164208896,29.957102520933173,29.954290047726722,29.953248660637254,29.9537248499482,29.95393990056861,29.95316631942843,29.955480427440815,29.95310011417847,29.952262467685543,29.956241603503294,29.954122792502204,29.954221462871278,29.954294031417874,29.954032883785985,29.95631685629658,29.95414744593437,29.953805426581088,29.956897187370185,29.954247782237374,29.952253571763478,29.95511450158146,29.953830638807897,29.952399674744992,29.953632912060634,29.95572077881751,29.95422382031949,29.952247541102984,29.956953654100005,0.03365807757933226
30,29.98784603676138,29.98749280135253,29.988199272170228,29.954641780997687,29.953214382703518,29.954481082705193,29.955245707764618,29.95234909799297,29.95661046929407,29.95432417033325,29.954176125995787,29.953764790359127,29.95358723677541,29.9540334632948,29.95660452541375,29.953529071863517,29.950928669456978,29.95672980834604,29.953833504426076,29.953965500961065,29.954151124990737,29.954922246569275,29.955668095536286,29.955089049164382,29.95427465158124,29.956448969698684,29.953824686919834,29.952371776249954,29.95500613788629,29.95346630172245,29.953278158713694,29.953404034481608,29.955447166487048,29.95431239295618,29.95195848014557,29.95664328753336,0.03353364380519963
31,29.987918848365062,29.987573245823558,29.988264450906566,29.955369597573196,29.953069850444983,29.954167299159362,29.954553896019405,29.953084326827653,29.956519684369887,29.953690449231587,29.955120229051694,29.95513738265174,29.954073671120497,29.9549871230929,29.95615179217846,29.953002090345443,29.951304641948578,29.9570528593673,29.953379988386175,29.953842838932967,29.954830809124093,29.955523146607764,29.95595688268021,29.956449462190175,29.955222413348576,29.95590474105361,29.953450210683464,29.953356689836408,29.955042151500226,29.953995443871033,29.95389154799593,29.954114912908413,29.955472978785668,29.954590637042916,29.952535292036305,29.956666307494174,0.03332821132214647
32,29.987944788113637,29.987589907957343,29.98829966826993,29.95646433090058,29.95270092518348,29.95450688574756,29.954254373661975,29.95385877850514,29.95617325802878,29.95321417723034,29.955200890268802,29.956913951244037,29.95394297141865,29.955410596395218,29.957922783022102,29.952730785059874,29.951411885013368,29.95624013072474,29.953424389170152,29.952943815345638,29.954474379900482,29.955398386090966,29.955355725959187,29.957796313730807,29.95608028486617,29.95568037890629,29.953750185705868,29.954008752417522,29.954405655689087,29.95459891216502,29.95420299550298,29.953939339761593,29.956908573974214,29.95479716038636,29.952346439136697,29.957831092785913,0.03314762772727775
33,29.988098852210083,29.987741733488757,29.98845597093141,29.95639690760477,29.953105927359083,29.953883214947975,29.954002894944995,29.953479946333623,29.95664068552352,29.953011393640057,29.956000250018768,29.957227769663646,29.95451052388461,29.95688159494987,29.958157403272004,29.952583496298963,29.951072870160868,29.95525187962408,29.952652529241472,29.95303554938483,29.95463355788093,29.955250297049812,29.95654451615724,29.958341038504276,29.95542057589976,29.956142770768988,29.95221878257558,29.953143702607566,29.953969269304622,29.954798679926427,29.954702685394896,29.95451209649793,29.957425621616288,29.954833281034585,29.951903656661536,29.95820790296088,0.03326557117549811
34,29.988024994138758,29.98766036664735,29.988389621630166,29.9567334390607,29.951863508958123,29.952385798111184,29.95483108199107,29.953029887557676,29.95618009727786,29.952734884739645,29.95686869850855,29.9571957585015,29.95461123616004,29.95764330302401,29.957600968461794,29.953828395736224,29.952336262576623,29.95621082045149,29.953327243249273,29.953262784993797,29.95411605835714,29.9550050838808,29.956534022816395,29.958767341413633,29.95447393441115,29.955686636924437,29.95224467284016,29.95345956646653,29.95462794025884,29.9563293302162,29.954426939564055,29.95402722877289,29.95731150098387,29.954921814208856,29.9521398527726,29.957952413581157,0.03310317992990264
35,29.9880228636347,29.98766025506985,29.98838547219955,29.95687053884633,29.95267932358609,29.952088953299395,29.95470980454599,29.953981805231244,29.95558697063535,29.9541633482178,29.956859516316594,29.95776660277683,29.955330647984045,29.956748142403338,29.957375923322335,29.954473079223547,29.952007545347715,29.95616346221224,29.95327688575229,29.95292297420982,29.953513925062463,29.955259944666746,29.957022481390577,29.958511296525945,29.953893657998155,29.955240933948858,29.952313645546006,29.95423346391052,29.95451878582905,29.956325287399842,29.954703589285156,29.95293694393324,29.957386524516128,29.95496220013079,29.952066566112684,29.957971393557834,0.03306066350391035
36,29.988088366842973,29.987753527864157,29.98842320582179,29.956070018895698,29.953665810662375,29.951628376354922,29.956186925984657,29.9531105932838,29.955237182428586,29.95495999805126,29.958352791909352,29.957216639584065,29.956301476236284,29.956641592277993,29.956738356064573,29.954237455623478,29.951722156744246,29.95591998432006,29.952637773132384,29.953074441193966,29.953207376733797,29.9556584531891,29.957237248921835,29.958663271730074,29.95442398498975,29.955871027873187,29.95239998894256,29.953408324291765,29.95611855387584,29.95605091377971,29.955104157476637,29.953254849480086,29.95698199893012,29.95506939076541,29.95169636713718,29.95843817386005,0.03301897607756388
37,29.98807720025492,29.987726554618163,29.988427845891678,29.956121181212882,29.953757708412194,29.951487343483908,29.956542565062616,29.95232324970242,29.955875921100837,29.95542623553758,29.958946968414246,29.956789515216926,29.95654713221717,29.956927316998154,29.956878687613827,29.954883584086225,29.951508976508453,29.95687551589807,29.952769659084062,29.954292630478285,29.95280601504321,29.955348525342355,29.956928723925078,29.958135275563134,29.955187185336115,29.955726161819918,29.952209214110045,29.953475213137317,29.955711475095978,29.956539658479322,29.95573017649643,29.954115577505267,29.957937443643615,29.955260161217527,29.951503027426703,29.95835849109719,0.032817039037393414
38,29.988040509173352,29.987684546422248,29.988396471924457,29.95619460828858,29.954407667129818,29.9521145409394,29.956711736967172,29.952046860319932,29.956069022181794,29.955602593364794,29.958736039015392,29.957516852709038,29.956148281596786,29.957352904042697,29.95614506517115,29.95489326845155,29.951942108314956,29.956228889633664,29.952413634502022,29.954359245072652,29.954206768763797,29.956023911680266,29.957462626916914,29.957619638309293,29.955530498838026,29.95572138425301,29.952742150154517,29.9535755753113,29.95515910878677,29.95608143010086,29.956136784656216,29.95517703705432,29.957633862709013,29.9553984698412,29.952018053518564,29.957936961193266,0.032642039332152706
39,29.988015977399044,29.98765427319112,29.98837768160697,29.955766102527633,29.954622497927495,29.95261867597433,29.95805225298112,29.95251353257548,29.955043993374954,29.955486774630273,29.95825787473228,29.95792129796981,29.95647940464997,29.95771493829691,29.956157246831534,29.955450205694536,29.952313688359077,29.956263890475395,29.953610348683906,29.954793795157073,29.953982187683994,29.955602056787725,29.958072702710876,29.956927959347023,29.955263650752737,29.956441952053936,29.9528667024515,29.953176686805957,29.95581715660131,29.95555688646264,29.955653517770212,29.955178398605494,29.95692839413847,29.955484492433786,29.95245857541597,29.95812362501676,0.03253148496525782
40,29.988071256054052,29.987699825516138,29.988442686591966,29.955803358407728,29.954506874905103,29.952506745627065,29.95697368397751,29.952777490242504,29.95452158975815,29.955002537328486,29.95918332579879,29.958157696719056,29.956026002129548,29.958369657288017,29.955758450411135,29.956300465014476,29.951862981574795,29.95712118848189,29.95284281587267,29.95502390291657,29.953747401053175,29.95557846043129,29.957325944194647,29.956537757247307,29.954598690653633,29.95677746808132,29.952503595868833,29.953626840328035,29.9559311544731,29.956541587442157,29.955849362190918,29.955532706850498,29.956759588295583,29.955468310785463,29.952327426937973,29.95859341612848,0.03260294526858942
41,29.987984405265056,29.98763567992067,29.988333130609444,29.95615539968129,29.955445374157236,29.951940795007413,29.957031681718618,29.953616689406456,29.954107907498102,29.956068027865694,29.95842154021074,29.957345197669905,29.955309313536805,29.95903857510491,29.956973960512986,29.955813711628657,29.95147874413787,29.95738055807599,29.952961434743987,29.95507641082901,29.955420176972652,29.95523784827625,29.95648021710463,29.956432785990305,29.9540444291738,29.95566655143192,29.953178087956076,29.954200550794486,29.95618780022392,29.956199960853095,29.95597198286922,29.9556763695047,29.955593336217742,29.95548184730514,29.951813731018287,29.958591224806636,0.032502557959915634
42,29.988064380445696,29.987708404455546,29.988420356435846,29.95479338269189,29.95625024055833,29.952088406336127,29.957327222755296,29.95412037206079,29.954036315555545,29.956082378713624,29.958303709429316,29.957226220867106,29.955728204674536,29.958969828772496,29.956385575748925,29.955776887639743,29.951879721694446,29.95600377715408,29.95321944801054,29.955051248650477,29.954939000608398,29.955328612513416,29.955929200430305,29.957193120028094,29.953310889513048,29.955933796336673,29.953447375666286,29.953432976708324,29.955908186774582,29.9568250457095,29.956613338840047,29.955118267388098,29.954310856398532,29.95538445360762,29.952031018059664,29.95848689224869,0.032679926838074635
43,29.988110716637717,29.987770704255613,29.98845072901982,29.95574778229599,29.956025988797617,29.95231128085606,29.956999659348064,29.95392461486539,29.954136348412273,29.95545825797745,29.957855705564654,29.956257783520044,29.955295271970748,29.95882928708859,29.955619270276063,29.955648445713123,29.951701512705682,29.955711728104337,29.953134341102643,29.955450058029257,29.955570518318474,29.9552199458905,29.954933115475804,29.95625034335842,29.953619406889207,29.955265604573057,29.95319062929945,29.952981946166005,29.95596904667463,29.95736966445375,29.956624835912493,29.95444870288145,29.95394101741146,29.955183070464425,29.952143594614704,29.958123440483735,0.03292764617329169
44,29.98814095004919,29.987793372049566,29.988488528048812,29.955833031643767,29.95595667959634,29.953097568320093,29.95584400898961,29.95433358334964,29.955225597853616,29.95575477070819,29.95743809579982,29.956536069176437,29.9549458682183,29.95825024185385,29.955921659312928,29.95554796282341,29.95295361532618,29.957006914550476,29.953663390902513,29.955465862060713,29.956144320984706,29.956097058576617,29.955140886722898,29.956303925800956,29.954399635630967,29.95545016196319,29.952285526400992,29.952389777523155,29.955813183880505,29.957072735940855,29.957024910569647,29.954477409200923,29.953814826082688,29.955339642658796,29.95236110846456,29.957661435964678,0.03280130739039322
45,29.988314151012638,29.98796563483814,29.988662667187135,29.95661057629335,29.955771692052586,29.953533583923164,29.95649477794097,29.95427488125749,29.95570486002038,29.956529970497588,29.95740718469208,29.956663705608754,29.955109478050655,29.958110050668335,29.955273822793483,29.955506199375176,29.953051043235657,29.956373772909743,29.953660691614374,29.955745368509053,29.956275948238726,29.956127349884365,29.95544383657222,29.956641190095628,29.95360683083358,29.955551050128562,29.95152681894707,29.953852329353182,29.955235944065237,29.958270209695524,29.957335842926064,29.954303322792306,29.9547677772437,29.95549200367396,29.952631881556297,29.95815409440081,0.03282214733867761
46,29.98833409448175,29.987977017104203,29.988691171859298,29.9560227458672,29.956044894455292,29.953634389126588,29.956653266150035,29.95420548866453,29.95528953610736,29.955974651899947,29.957776481033815,29.956659672376595,29.95476573980745,29.957623717307705,29.955437027760635,29.95529630095254,29.95272766582704,29.956526881563533,29.953857171123065,29.95494877259641,29.95695489605183,29.95659100511857,29.954739516552994,29.956775802288576,29.95349660097917,29.955273736909465,29.951869914795182,29.9542102659732,29.95582048912814,29.95850427154829,29.957950264973594,29.954567964317732,29.955222425471668,29.95551405189094,29.95249178429328,29.958102616781634,0.03282004259081006
47,29.98836019754314,29.988019679098535,29.988700715987747,29.95596532708753,29.956150561555564,29.953416988514217,29.955733061671648,29.955373171362655,29.955541022127147,29.95725304566434,29.958018427641303,29.95631816051213,29.954891678977813,29.958466892149517,29.955053283954257,29.954810136974594,29.953481291873988,29.95553986530838,29.953382358670417,29.954807152914565,29.956749938374983,29.956072060470287,29.9546949114403,29.955811940535714,29.953469354369844,29.95544030191287,29.952138547044324,29.954494367691563,29.956223951315764,29.958291895883182,29.95906702988917,29.95519153634741,29.955233016000438,29.955569375941202,29.95304031047324,29.95863193002792,0.0327908216019388
48,29.98835990063115,29.98802030877211,29.988699492490188,29.956344029425722,29.956256804139556,29.953497945107436,29.954866814179816,29.955825939488424,29.955728431402548,29.957052261209924,29.9573821312469,29.955490562629628,29.954766137362117,29.95812219349215,29.95463931149852,29.955795614433907,29.95387032546673,29.955508907728007,29.955135620073108,29.954263637783356,29.95716459537148,29.957237825609973,29.955083874743057,29.95536603700731,29.953731363234827,29.954601607057352,29.95160976724714,29.95559763887431,29.957282788460386,29.958347001359865,29.95910069800116,29.955200631364793,29.955564789638345,29.9556811761546,29.952978696195856,29.958554267936222,0.032678724476550514
49,29.98836084159884,29.98801097426748,29.988710708930203,29.956463349124338,29.957576866777334,29.954106750602435,29.954871145323906,29.956326515423196,29.955978262566248,29.95641351370927,29.957444706414158,29.955344267346423,29.955103804461068,29.95676667783977,29.953681088858637,29.956077365491133,29.953430211050158,29.955624084502766,29.954851348634012,29.954133048774214,29.958296763934012,29.956651915183794,29.956730143889374,29.954766551987934,29.954399533216996,29.954582979986917,29.95296729424937,29.95589997470924,29.956889227839255,29.95753881482536,29.959558784821123,29.95570552989102,29.954997637071372,29.955772605283492,29.953302908929942,29.958643819677967,0.03258823631534824
50,29.988492163963347,29.988104940941653,29.98887938698504,29.956000196760517,29.958152257631674,29.954042915172675,29.956094444961103,29.95551267153496,29.955535110859188,29.956240455633438,29.957035831665188,29.955897936528242,29.954547997402322,29.956136024502243,29.953960499878097,29.955999273902236,29.954179505288113,29.955431634660556,29.954160600798204,29.95467789066523,29.958377446795534,29.95633274071378,29.95653049760018,29.954726322339834,29.95441860786709,29.95529666741209,29.954471577128267,29.95655591235599,29.957770447050727,29.9574463721579,29.958713308527415,29.95592491437371,29.955955471520912,29.955870851122917,29.954020250966664,29.958469808771802,0.032621312840429795
51,29.98842035688327,29.98806833345473,29.98877238031181,29.95629558918278,29.95915847850704,29.95371501683079,29.956504367703964,29.956339317670913,29.95523135137173,29.956297786250882,29.95693041899611,29.955279631570416,29.955853455979376,29.956377783370723,29.95421862902865,29.95616036352094,29.954269237071827,29.955777077885003,29.95564589884079,29.956260933858914,29.958240082544034,29.95620530689186,29.95644259520707,29.955047917381762,29.954967801362763,29.954466605268383,29.955197444064705,29.957007050458294,29.95804740340159,29.957440853845437,29.95859960415593,29.956344033377334,29.95623273296976,29.95615182561899,29.95408013567424,29.958753294602484,0.03226853126428253
52,29.98841748274083,29.988076444768467,29.98875852071319,29.955000205272693,29.959236637911527,29.95354626505506,29.95651337998965,29.95640468664586,29.955959417165516,29.95763182000689,29.9566883731932,29.956058915053255,29.955703738898773,29.956409702280204,29.954909538674233,29.957098294343268,29.954385871869242,29.956153726005688,29.956304808644116,29.956082699635967,29.958042821084977,29.956613944043553,29.956492198413127,29.955855950782503,29.954866442769283,29.95506504866485,29.955312434056953,29.957140390088206,29.95836799698697,29.957403114013037,29.95863140420021,29.956320042602698,29.95559507460601,29.956326498098583,29.95415497999534,29.958797843470823,0.032090984642245246
53,29.988460403611498,29.98808611839503,29.988834688827964,29.95508181100621,29.959460269396924,29.953637545314315,29.956035077207144,29.95616655321244,29.95597374812181,29.957833692047714,29.957809830688554,29.955706348089723,29.95667502390242,29.957542183993223,29.95566407839925,29.95763891840767,29.955264027947816,29.95551443355796,29.957411049553127,29.956082225899383,29.958148173376117,29.957153160632465,29.95591509530259,29.955338948346956,29.95573582240749,29.95561337679376,29.95545915348055,29.957142784498853,29.95777469075274,29.957493561935358,29.95785287034767,29.956028171635637,29.954564043248816,29.956457222316825,29.95430925631683,29.958508999781838,0.032003181294673055
54,29.988458763106586,29.988096092699625,29.988821433513547,29.954125579081968,29.960166602657832,29.95332304193118,29.956416448409637,29.956005726696574,29.95471955934954,29.95753699829765,29.957636395867496,29.95499486968547,29.956958480327206,29.957921467492415,29.954862209364425,29.956856586642584,29.955109257176144,29.955844348030762,29.958655049225126,29.956783823996716,29.957409234004967,29.95745145298,29.95503158694241,29.956171958886948,29.956820269813083,29.95616564333241,29.95590380883544,29.957461718575832,29.95814819337571,29.957838602501337,29.957505851744692,29.956685698639014,29.954417795692414,29.956497608651894,29.953904881365503,29.95907072641912,0.03196115445469161
55,29.988500107620165,29.988148282904348,29.988851932335983,29.954838737073285,29.96005924615718,29.954160545641898,29.955916947442873,29.956114561631676,29.955226427147874,29.957486961489387,29.956689587814363,29.954336608201096,29.957641346610018,29.956803642963806,29.955683282437565,29.957191186395193,29.955201217121648,29.956987163610425,29.959061637397767,29.956260380162778,29.957540541379984,29.957155800787277,29.955058333186845,29.955521081752753,29.957116642338807,29.956616092992565,29.9553700788473,29.95718497379883,29.957803005502942,29.957917962820478,29.9582972200658,29.95614992647528,29.9549427673227,29.95654446355235,29.954288190997318,29.959335979806607,0.03195564406781415
56,29.988473624417285,29.988113042822025,29.988834206012545,29.956463878654887,29.96006843655791,29.954243613543216,29.955654424913675,29.95625687116095,29.954634669777406,29.95645144118608,29.957413619494535,29.955267532659853,29.95706649511342,29.956612062167455,29.955255031562714,29.956915016463643,29.954534936578426,29.95653342571043,29.959598666820845,29.955426468532284,29.957694687683894,29.957021367665323,29.955280128706516,29.95562981096402,29.957506413168442,29.956426849618953,29.955755771919804,29.95722380643064,29.957202098529166,29.958303043893018,29.957115416452094,29.95660231612631,29.954426889023804,29.95648617303599,29.954376488266643,29.95972785349854,0.03198745138129411
57,29.98850106051318,29.98816166149581,29.98884045953055,29.956030668523727,29.958858953443475,29.954567167182685,29.95655407935325,29.95636839920771,29.955175234152843,29.957302772880443,29.958403067754475,29.956644505235175,29.956868017705286,29.95612459003809,29.956203499143097,29.956625679500952,29.954947954508242,29.957051852213183,29.961299720110706,29.95634934973932,29.957802411171052,29.956904396365097,29.956318570851604,29.955312900633842,29.958762579612692,29.95584858548935,29.954335062007484,29.95705960927902,29.956584089320508,29.95907721525155,29.95770628880514,29.957490549259358,29.954598257415526,29.956772534205165,29.954503338259503,29.959688404087817,0.03172852630801515
58,29.988535662739682,29.988162550918037,29.988908774561327,29.956235321205305,29.959211135414286,29.95591879823382,29.957620975701758,29.956061471017843,29.954811559859216,29.957679987430705,29.957844140950964,29.956434738865294,29.95698392457332,29.956792630782317,29.956536985887567,29.9557916898033,29.95591240264324,29.95760102330706,29.961956104324255,29.958331583279342,29.95751884190909,29.956571685206654,29.955551137268667,29.954196066448834,29.95855733491231,29.95643621550042,29.95523549501533,29.957445971699567,29.95622749019402,29.95826880522726,29.957106585944512,29.9585528365661,29.954072202816132,29.95691550473295,29.95416200394984,29.959966001864526,0.03162015800673146
59,29.988459434438035,29.988104048562263,29.988814820313806,29.955738406863432,29.959445641583358,29.955860984448723,29.957782573990432,29.95620570660831,29.95543128731721,29.95808785919567,29.958548697027243,29.95645837914109,29.957117338471768,29.957598144603182,29.957322669920906,29.955932811883187,29.95588725379151,29.958244696895964,29.961314794936733,29.9577304612753,29.95742046023496,29.95636021150646,29.9552028373567,29.953847010557073,29.958411129358332,29.956892085090015,29.955437551101472,29.957791712439303,29.956412903973398,29.95829012759817,29.9577581911532,29.958147924805587,29.95392749738526,29.95702024501713,29.95390536350751,29.959959658755537,0.03143918942090451
60,29.988510116556498,29.988169192558754,29.98885104055424,29.956476104755886,29.959165412016894,29.956803314416604,29.958482345704468,29.95616308891616,29.955979546179957,29.958005720907714,29.958875479656186,29.95642057344934,29.95800666399022,29.956790693907134,29.957361908005804,29.956896460338783,29.9558080192404,29.959241581096617,29.96146578030006,29.957669401605894,29.95885340375204,29.957079906030447,29.956281375184567,29.953535905138718,29.95905731885192,29.957356836876503,29.955088978970803,29.958218101303512,29.95611505835864,29.959321928483043,29.957885194887396,29.957842279535665,29.95418840946872,29.957347893044332,29.95400897077797,29.95991148773272,0.031162223512165355
61,29.988528807362478,29.98818667893556,29.988870935789397,29.95518715685641,29.95913064940528,29.958090569977426,29.958983246946968,29.95683318634782,29.955826251406787,29.957267844058638,29.958649510812442,29.95584826358206,29.957900251038,29.95677966732892,29.957450423157493,29.95635191281888,29.95528794052135,29.958877214464277,29.961608683249967,29.95779289104016,29.960107963955647,29.957953114058583,29.956048790608737,29.9542400344383,29.959384328476116,29.956967320506482,29.955450408724342,29.960018716033495,29.956473592336156,29.959665447606096,29.957831010275754,29.9575190428889,29.954216296082585,29.957458057633463,29.954233506390477,29.960520661761585,0.03107074972901458
62,29.98843695677703,29.98808892950914,29.98878498404492,29.956145174654253,29.95851200202693,29.957775462404,29.958927386956415,29.956898809954826,29.956946503784604,29.956416913530088,29.958671734906783,29.955935672288494,29.95810107333133,29.95651380852642,29.95646379792289,29.95680358812179,29.955648408183848,29.959396120901626,29.961523540352626,29.958609439220492,29.959306183202994,29.95834348038845,29.955004571658357,29.954511641422346,29.959176247925473,29.956906183903126,29.956317693647943,29.959549803644645,29.957178988570092,29.95974831704625,29.958139491316313,29.958045518255712,29.952957064431416,29.957482487416016,29.95408413274984,29.960236503455505,0.030954469361013537
63,29.98839076017853,29.988057163376745,29.988724356980313,29.955853786783088,29.958586272275813,29.958717311034125,29.95911351856733,29.95609325671803,29.95732086226114,29.956335359109527,29.95817358010497,29.955997594420612,29.958616354052424,29.95640558029224,29.95653619673091,29.957637273340083,29.955485010435694,29.959063916641995,29.96010072328166,29.95829977250139,29.95884003388502,29.957853249729947,29.95416344795153,29.954662643044298,29.959154874790155,29.958046875592846,29.956397182200888,29.95899975396743,29.957001066747615,29.95968994119554,29.958629428183972,29.958028116195802,29.952940272764998,29.957424775160028,29.953827074775234,29.95980290626922,0.030965985018500675
64,29.988456913841244,29.98809119803297,29.98882262964952,29.955208744303253,29.958593653380305,29.95833990028698,29.95975193419008,29.955245241600643,29.95670815770119,29.955783182764886,29.958210697524343,29.956267280822225,29.957919075046934,29.956315686107622,29.956398006627968,29.95652628073559,29.956042463873953,29.959346397146923,29.961692899827607,29.958046038701706,29.95874778663143,29.958113350269322,29.954730369732346,29.9551123114406,29.958148144053368,29.958197039544835,29.95549395686588,29.959700537681588,29.9560784178544,29.95886484310615,29.957704302883545,29.95774679060239,29.953028683547917,29.957268739161872,29.954262406031628,29.9602856997404,0.031188174679371627
65,29.988427740769712,29.988058697861117,29.988796783678307,29.955051947236754,29.959013434467373,29.95813298873326,29.960556401269624,29.9548760066031,29.957493130928025,29.955745576597057,29.959271759827,29.95589695485977,29.95837029567384,29.95626773396068,29.95594633581402,29.95651470678018,29.956498700755194,29.95984103620786,29.96190170631668,29.958622268262157,29.9589702597834,29.95800895222173,29.954129619552806,29.956468757303774,29.957824607875203,29.957739875256667,29.954933482278783,29.95949436124913,29.956115043274973,29.95870028855641,29.956735157137604,29.95742843303604,29.955650387033664,29.957406673628423,29.95467075016427,29.960926360157565,0.03102106714128894
66,29.988413022130153,29.988049136467847,29.98877690779246,29.954728442213334,29.95880590626993,29.957092845129957,29.960899160052776,29.95495409137539,29.956549444708063,29.95574391230392,29.959032736406915,29.956321948543046,29.95999420581149,29.955909341599337,29.9561944102589,29.957048643619842,29.95634971750164,29.96077068630181,29.961697192794283,29.957996301125526,29.95866597507445,29.9577659701286,29.95512999625838,29.95653682471096,29.95867503883824,29.957771227474385,29.955319382187167,29.95943011734428,29.95582128172374,29.95819744966485,29.957103739143545,29.957076279530412,29.956139120046487,29.95745737960472,29.954892037855824,29.96111861905669,0.030955642525434257
67,29.988360530336333,29.988014576023776,29.98870648464889,29.955817806615148,29.95804501265344,29.95774136688091,29.959726497658668,29.95669299634068,29.957302689618338,29.955390496885055,29.959040116418485,29.95626994470995,29.960315038927025,29.95663382125954,29.956563808802997,29.957655815486046,29.957305461941736,29.961269596927043,29.96084538679667,29.957606944862146,29.95930298799308,29.95769689942647,29.954832511471984,29.957417526684324,29.957749784018507,29.957664368917552,29.955142576699483,29.959235122959228,29.956207467361036,29.957787741022003,29.957458764137684,29.95639936978534,29.956101753243843,29.957573989216815,29.955057308761923,29.960962044582523,0.030786541119518063
68,29.98833336054846,29.987978143215805,29.988688577881113,29.955486554544212,29.9576982376817,29.957877878132894,29.96051561517325,29.95698366826798,29.957632997447423,29.955275439974685,29.95979196443895,29.95744458196973,29.9600692474791,29.95641782545496,29.956428708530257,29.95716866078863,29.957928721301894,29.960725174644516,29.959256244791494,29.958315872627,29.958391780633427,29.957720421957426,29.95446531426413,29.957540890868447,29.957573307387676,29.957193536063983,29.955278272572425,29.960743109833547,29.955692784856996,29.95776695327204,29.95662474692349,29.956988811665596,29.957198125372887,29.957606514964024,29.95505265540428,29.9607301068215,0.030726845584435836
69,29.98828813609472,29.98796685427404,29.988609417915402,29.956077104536174,29.957583108537438,29.95753065065793,29.96036096813054,29.95527831093735,29.957714566268237,29.954707749445507,29.958775914910255,29.95746709284768,29.960195606738957,29.95646553761478,29.95688742769283,29.957164892875127,29.959243974217213,29.96136744871169,29.958491439034674,29.958414665721865,29.95743125805261,29.957789675116075,29.954692764095114,29.957820454386045,29.957749121173073,29.958457573215213,29.95545935034162,29.959913275128645,29.9555027716703,29.958029963433553,29.956885990889866,29.957032411675684,29.95773927318775,29.95760767804146,29.95470362847415,29.960637750290356,0.03068045805326136
70,29.98829503493819,29.987950318286618,29.988639751589762,29.955501619349732,29.95892014123195,29.95681659370741,29.960225238288768,29.95638056050205,29.957920104485904,29.955041307206205,29.958324357107763,29.957516819748484,29.959897835680014,29.955935243366174,29.956809264723045,29.957683932565477,29.958720041382993,29.960619190737447,29.960004778396286,29.958115060212325,29.957554148430063,29.957123695452022,29.953975256064112,29.957998372322194,29.959148075351454,29.95815503261045,29.955988853151116,29.959092718654695,29.956083343959055,29.957961735514086,29.956944289078784,29.956637644902834,29.9570737285113,29.957605632756476,29.95474814314213,29.960333575212154,0.030689402181714343
71,29.988272769188274,29.987919262900846,29.988626275475703,29.95624154735969,29.959408212118426,29.95637450915461,29.959215394293224,29.95553093334677,29.95819041952481,29.955502456622902,29.958290542216794,29.957270547404843,29.959474750933055,29.95552619786586,29.957649954956292,29.957472138142293,29.958204747997684,29.960235225585098,29.960651874248892,29.95837208058947,29.95802128655363,29.95694908697095,29.954638722220547,29.95838008071322,29.959101172389794,29.957958837805975,29.95557484319975,29.959098577196393,29.957129716424188,29.957728176048665,29.956489907476808,29.95663918761844,29.9571716058368,29.9576164244272,29.955264929662256,29.96034980396764,0.030656344761073484
72,29.98823501359101,29.987882717092972,29.988587310089045,29.955491862290703,29.959478263492432,29.95627146822891,29.95817561163738,29.955174238885473,29.957778695977808,29.956327767411512,29.957655453295992,29.958290701280166,29.95943951542324,29.956081143772803,29.957518768423494,29.95700638001513,29.957607238795912,29.960784892553928,29.959622764075277,29.958247592449105,29.957249178987045,29.957668194582755,29.954443532448725,29.95894382700526,29.95909736364174,29.958092437905883,29.955983547713792,29.95877321589659,29.95593281563503,29.95715362656761,29.95566766108441,29.956345446898187,29.958027229637384,29.95747768120045,29.954973294615368,29.959942349406905,0.030757332390557224
73,29.988207817550137,29.98785478243802,29.988560852662253,29.95694839793865,29.95883285182372,29.95741826938596,29.958669389934695,29.954684270882414,29.95827314050088,29.9558540419122,29.95709749533545,29.958290760075457,29.95894506856804,29.95613553551463,29.957383823938436,29.9574631405202,29.95813455998009,29.95999629366763,29.95935822289996,29.95883969557793,29.957879878206743,29.958489943635996,29.954955430729186,29.958648817951744,29.95971824234509,29.957723449436937,29.954927192206064,29.958505580574673,29.957877159410042,29.957204959702235,29.95458248583032,29.9563297007734,29.95789045122206,29.95756860834935,29.954656279993088,29.959794706458787,0.030639209200785444
74,29.988146746487885,29.987781189556898,29.988512303418872,29.956835930985072,29.95868737909384,29.95714175783756,29.959020033454756,29.953940535970176,29.95827732471714,29.955470015061607,29.95660711697425,29.958168111279228,29.958548725883418,29.956658321304438,29.95676608184628,29.95737858373599,29.957121143724816,29.958872149927483,29.959624104302407,29.9591022614916,29.958185485823783,29.959278212641134,29.956118536257158,29.95927970444621,29.959073922008464,29.957471635266817,29.954213806287044,29.95854847383808,29.95787921228639,29.956547254279723,29.95447526265482,29.9564627262857,29.95755140899956,29.957443507288826,29.954138656949905,29.959374414406664,0.030703239199059595
75,29.988086900748197,29.987770431161874,29.98840337033452,29.956191797768824,29.957953000697405,29.957232552235304,29.95870014188233,29.954303746687994,29.957441142218837,29.955378723779642,29.957012191481585,29.956517067479968,29.958192861495597,29.955706683359924,29.957458675422416,29.95658826463706,29.9577422075354,29.95890948091434,29.960710110039084,29.95818120582074,29.958248103928728,29.959285504094176,29.956196710654762,29.958561978557835,29.958650999696268,29.95800471958582,29.954803667246075,29.958154835619894,29.958116672805197,29.956460653664017,29.954905635880767,29.956907285991626,29.958080583450815,29.957353240154415,29.954666189092602,29.959677270729024,0.03073366059378202
76,29.98798647957478,29.987636974294464,29.988335984855095,29.9563980003916,29.957590853040916,29.958148147556688,29.95979908871536,29.954687536951486,29.95739517680703,29.955428260736657,29.956508362864763,29.9571743402215,29.958935831938053,29.956917898317965,29.957406830006246,29.957530588817473,29.958114016227835,29.958840074914406,29.960289830939928,29.958411243304564,29.95814583183808,29.95915519164122,29.957023969529462,29.958881570999655,29.95788369193314,29.958608000877017,29.954895504589476,29.95705221540679,29.958276663929603,29.956113477628666,29.95506442455511,29.955702593463222,29.958571346330135,29.957498352149134,29.95483831348903,29.95993404282712,0.030488127425645217
77,29.988109386172862,29.987769180797088,29.988449591548637,29.95637437820448,29.957577189429607,29.958594011872357,29.95898897185946,29.954348802496497,29.957324789539793,29.955987598677105,29.956294140118892,29.956826084358713,29.958276717151517,29.95685454020945,29.95819450826406,29.957292782993754,29.957670338675587,29.958044545920917,29.959399268355615,29.957706248707254,29.958229434785,29.95830892325527,29.955873768191033,29.95850712501763,29.957638841845736,29.958129431280017,29.955200203818386,29.95681485210365,29.957751336718484,29.955512057320643,29.9545154954342,29.955993600855695,29.959353003869413,29.957252766377678,29.954469654876334,29.959365726603117,0.03085661979518406
78,29.988074488479565,29.987709342676855,29.988439634282276,29.955991407049428,29.95666629736632,29.957892471306018,29.958791475220515,29.954493495860806,29.956630587137035,29.956142179658794,29.955792347605712,29.957081148823818,29.958454863603876,29.95627066943458,29.957574862086567,29.957149106637154,29.95826886316378,29.957927604817257,29.95907694536938,29.95806019024738,29.957790481654982,29.957494529784828,29.95712470408831,29.95821965605903,29.958597236706435,29.958452895878793,29.95545372782293,29.956490656818143,29.95912419139735,29.955350859821415,29.95473106292901,29.955900938679346,29.95851112887267,29.95718355286339,29.954665731985255,29.95908993802707,0.030890935616174175
79,29.987983569103005,29.98759208920374,29.98837504900227,29.95705558122183,29.95663590757539,29.95819262095727,29.95921927448418,29.954299328832835,29.957070769196445,29.955018913964885,29.956526073560937,29.95822388877355,29.959113331906774,29.956542659019522,29.95759088531772,29.95664319201512,29.95817322774981,29.95720244629124,29.959081075744226,29.957578258064405,29.958188907875126,29.957492678221914,29.95670637053914,29.958757196512487,29.9586945572638,29.958253288588555,29.95636427607822,29.957533074792135,29.958510317560435,29.955592447827232,29.954286777467278,29.95537998052686,29.95903368701805,29.957298699831583,29.954295877207308,29.959142466115562,0.03068486927142189
80,29.987978066599528,29.987621903602154,29.9883342295969,29.956285717831932,29.95581496323611,29.957456789266985,29.95919008811056,29.955408883286662,29.95685489106933,29.955797842427273,29.956880039986086,29.95793601415987,29.959405167763396,29.95659869901783,29.956915470551625,29.95622074869933,29.95785198832972,29.95620354780349,29.95821490162023,29.956988904397004,29.958667187637438,29.956878521686995,29.957013965393053,29.95905977761795,29.958713923199824,29.957225284027167,29.956623004900692,29.958994912527693,29.958585742962544,29.95661706666056,29.954594471688583,29.955103424923717,29.958749188768447,29.95722837098507,29.954963462784054,29.95924923501509,0.03074969561445684
81,29.987970498447865,29.987605451395495,29.988335545500235,29.95608303208611,29.95614084189311,29.95832746397267,29.958742143366894,29.955196707972956,29.957741848452905,29.95528653755172,29.956980354074556,29.957556970540352,29.95945421503876,29.95696246836879,29.95710250222538,29.955859502400752,29.95741197368849,29.955865730777223,29.958478895138374,29.958088844975748,29.957300078527417,29.957708492053953,29.95709795951799,29.95985099698736,29.95809589186317,29.957557769504977,29.957538808092036,29.958241011119863,29.958841467946403,29.957573468737845,29.954371739234993,29.95657650452512,29.958643518617585,29.957355924641785,29.954969841570016,29.959563330074626,0.030614573806079903
82,29.988083112406652,29.98776218980206,29.988404035011246,29.95588312843178,29.956778905173476,29.958148452643847,29.958072658600262,29.955385617072857,29.957888253996995,29.954333126496056,29.957860507363577,29.95837236062849,29.960189563903587,29.95622466874914,29.95727570806967,29.95474564232518,29.958092895722565,29.956852011588612,29.95844827033756,29.95762773127808,29.9562380720399,29.95708079678729,29.956886286793186,29.958775343744637,29.957516871985543,29.95800926348022,29.95723800904861,29.95725361719856,29.95908244311819,29.95738675368955,29.954333602738632,29.956354114617618,29.957632440091032,29.95719890392383,29.954333471771925,29.959386901334174,0.03088420848282425
83,29.988056876760936,29.98773535489366,29.988378398628214,29.956140930194895,29.95687109281888,29.957910856039945,29.95813974047889,29.954998459634407,29.95822240513331,29.954506416477997,29.95754924954521,29.95802217363931,29.960753328034727,29.956369417480914,29.95668821847977,29.954584329402028,29.957770465868872,29.95688606877069,29.958286680178176,29.956540463234795,29.955636716717443,29.956243590194234,29.956643697682114,29.95934330617226,29.956440433490037,29.95774975419076,29.957151751082613,29.95693354891199,29.959552504234058,29.95652697954243,29.955386994817278,29.957433571011332,29.957407343740325,29.95708968290666,29.95456290334792,29.959882730779242,0.030967193854277042
84,29.988107700132726,29.98779324614251,29.988422154122944,29.95627078075771,29.956974725969047,29.957859826151118,29.957206143668262,29.95388826087145,29.95784184685474,29.95382368714892,29.95827761011663,29.95788097497248,29.961021224888682,29.95668834185951,29.956099050555792,29.954287488402375,29.95698286253181,29.955832344938262,29.957348129535653,29.956044486599044,29.954910393597128,29.955885835841084,29.955674686909642,29.95911427074145,29.95564839130971,29.95661223340081,29.956837000961897,29.95666331040379,29.95851754614371,29.956000827114877,29.954591192623138,29.957022193275336,29.956838465678473,29.956621471127416,29.953870503097754,29.95963868313194,0.03148622900530995
85,29.988102022903657,29.987742725841123,29.98846131996619,29.95615147705699,29.956636285242748,29.95717328425737,29.956420139796293,29.954310669233152,29.958710710114982,29.95350886220817,29.95779359081993,29.95784668527062,29.960804521304382,29.957473967844393,29.95641864843516,29.95421697341745,29.956333026041065,29.956437823838012,29.95749781857912,29.957237807763413,29.954822947170264,29.955860826893854,29.955358900494616,29.95846798671549,29.95599894659478,29.956290602197647,29.95705701741619,29.957618956686407,29.95934999963944,29.955766190846745,29.955729314513665,29.957712435885405,29.95833713744459,29.95677811845741,29.9540222428349,29.959749993097297,0.03132390444624633
86,29.98805350742401,29.987693173651504,29.988413841196515,29.956638487522408,29.95676194538641,29.956876972319854,29.956634022753647,29.954173550879265,29.958522400167166,29.954097831764155,29.957515170596622,29.956884409131394,29.96055052741403,29.957786710830533,29.95624256979961,29.955334046362818,29.956566045664196,29.956599104703418,29.9571287382142,29.958001364726492,29.95567248539484,29.955531398316108,29.95646441919502,29.95841396540686,29.955313924131417,29.9561320974154,29.956514464214603,29.957107825727945,29.960011267535375,29.954819926646074,29.955100402914855,29.957365919747026,29.958033681474046,29.95675985587853,29.954152728122608,29.960159564002005,0.031293651545478696
87,29.988006781482927,29.987642526808894,29.98837103615696,29.956559113023687,29.958559977085375,29.957037987225796,29.9567448252788,29.954492345774028,29.958507484083505,29.953791084975123,29.957810236068315,29.9576076601923,29.96095457276977,29.95785688482966,29.95661599856088,29.95631100697834,29.956632162870932,29.956071589852993,29.956724124246563,29.958139272447067,29.955294535663906,29.955475061587997,29.95574857405684,29.958377848964815,29.955165307897854,29.955691024576215,29.955665658162324,29.957053810595536,29.959582235343944,29.95516752021106,29.955093320252406,29.957189476310315,29.958259244251174,29.956805998137916,29.95429949905433,29.959959628136048,0.031200783345010308
88,29.987902475335602,29.987527030694807,29.988277919976397,29.957648879159,29.957151022963608,29.9572732068782,29.957875873191593,29.955420028209907,29.95887531490199,29.954049978353698,29.958316227212176,29.95744783508994,29.96017789234672,29.958985139697354,29.95655299352983,29.956820045451845,29.956757791715674,29.955543894238186,29.956937320000996,29.957654475688837,29.95546297891353,29.956562369853916,29.95593263943425,29.95782749178278,29.955254099173636,29.955689864465143,29.95681193298493,29.957686977955152,29.95985102721562,29.954803685365516,29.95549106901734,29.95706300865592,29.95933491467036,29.957041999270594,29.954596415937267,29.959940915126673,0.030860476065008413
89,29.98789852407317,29.987536936470285,29.988260111676055,29.957715810545693,29.95675093950642,29.95642629098443,29.958529537415252,29.955752467712887,29.957965000106917,29.954807873553655,29.95813035210905,29.956919057000754,29.96100707913011,29.95897564914457,29.957811593319754,29.95691812554806,29.95768963481075,29.95571652424649,29.956985542601583,29.957322060301024,29.95485100366943,29.95572047948592,29.955818201779657,29.958423555929414,29.95589357445834,29.95674084204071,29.95623700904256,29.957474346971708,29.959542670791393,29.955261070891623,29.95495879210196,29.95609853610372,29.958619636058962,29.957035441912087,29.95483914288759,29.95994538308454,0.030863082161083355
90,29.987855106254017,29.987496960324968,29.988213252183066,29.957080036106145,29.95639791186346,29.956470679662733,29.95855690854682,29.956535801272658,29.95859585365097,29.95452682111085,29.9574000672075,29.9564149426054,29.960804372846518,29.959835229637502,29.95868330225005,29.956955674878785,29.95686832809936,29.954610834756036,29.95721315266584,29.957431887801285,29.95408474670911,29.955381771951632,29.95623928794108,29.959153973678628,29.956112071429672,29.95625874366292,29.956088351884276,29.95643612597556,29.958837181231896,29.95503706585504,29.955220432462824,29.95585957927503,29.957918523047315,29.95690032200223,29.95440525065037,29.96010174401998,0.03095478425178655
